current_ratio,debt_to_equity,net_profit_margin,company_age,target
0.945893595,3.008011807,0.037480255,5.0,0
1.033559023,2.156783103,0.044062017,5.0,0
0.963703439,3.09457523,0.03270934,5.0,0
1.019850723,2.630949534,0.020893603,5.0,0
0.957843905,3.012780222,0.04286128,5.0,0
1.741958239,0.767608983,0.11193907,5.0,0
1.939001848,0.700068408,0.148720894,5.0,0
1.905814036,0.908483709,0.058407329,5.0,0
1.492419434,1.601190817,0.100473691,5.0,0
1.091557346,1.697369141,0.123584148,5.0,0
1.502132268,1.574106587,0.105170446,5.0,0
1.529885086,1.50023022,0.020025771,5.0,0
1.655630865,1.439216189,0.022346306,5.0,0
1.222848383,2.419869762,0.014107691,5.0,0
1.777323672,1.581615525,0.026464374,5.0,0
1.027167555,-3.563877982,0.092993993,5.0,0
0.987460448,-5.914756631,0.107161154,5.0,0
0.974964739,-11.83716916,0.113705374,5.0,0
1.024616199,-3.78620635,0.093538561,5.0,0
1.004393673,153.9694323,0.112527179,5.0,0
0.859074084,2.368793429,0.046992382,5.0,0
0.747775541,1.555308752,0.031123001,5.0,0
0.758640462,2.25373459,0.076947969,5.0,0
0.714317174,1.937752845,0.057002056,5.0,0
1.216566404,1.777135253,0.108342142,5.0,0
1.030446007,1.953125382,0.078704284,5.0,0
0.73,2.0497143,0.120039217,5.0,0
1.009273108,1.786285882,0.090093763,5.0,0
1.244573082,1.745740383,0.117420332,5.0,0
0.69595706,2.235469013,0.094622521,5.0,0
2.013009674,0.548882526,0.140966628,5.0,0
1.747702172,0.582322772,0.130482379,5.0,0
1.270047323,1.035525088,0.163273047,5.0,0
1.503431185,0.771655217,0.135002554,5.0,0
1.692499769,1.200550354,0.037961466,5.0,1
1.741295875,1.475628333,0.041197559,5.0,1
0.980445633,1.075905695,0.041197559,5.0,1
1.631063598,1.480957927,0.038085658,5.0,1
1.29034049,2.500486052,0.066515311,5.0,0
0.544654824,2.488520579,0.059499636,5.0,0
1.139366691,2.228863723,0.074493203,5.0,0
0.746939917,2.413097311,0.056751883,5.0,0
0.856647649,2.426812672,0.069163047,5.0,0
1.04322814,2.362230997,0.056143691,5.0,0
0.937713857,3.057552606,0.120361236,5.0,0
5.715491624,77.09317157,-0.351744488,5.0,1
4.499820444,11.15515248,-0.268630392,5.0,1
2.625528146,-5.833286987,-1.087912383,5.0,1
4.006149968,9.587221915,-2.116675494,5.0,1
0.920117457,0.34214323,33.81034483,5.0,0
1.036554397,0.395485511,12.02916667,5.0,0
0.81461794,1.609652671,0.10774371,5.0,0
0.542663335,3.201513566,0.038466658,5.0,1
0.508969491,2.972896313,0.026278742,5.0,1
0.696996943,3.200161031,0.01986843,5.0,1
0.691040165,2.563704819,0.05443474,5.0,0
0.495463511,2.852491593,0.050316931,5.0,0
1.45260182,-14.25980681,0.036633213,5.0,1
2.698846929,-7.361441807,0.035721764,5.0,1
1.617208866,-11.42084691,0.066191392,5.0,0
3.596585232,-5.229021084,0.042063362,5.0,1
3.274540247,-14.71234795,0.028234856,5.0,1
1.298714653,4.042269832,0.068839476,5.0,0
1.007819288,4.165058405,0.081009913,5.0,0
1.289473684,4.227520436,0.066443794,5.0,0
1.097091531,4.4332893,0.0638167,5.0,1
1.347801892,4.363494051,0.061090676,5.0,0
0.858757062,4.083940748,0.086107204,5.0,0
2.172892679,4.013452185,0.124980832,5.0,0
1.686754445,4.028567927,0.115217912,5.0,0
2.169258241,3.815938703,0.0692521,5.0,0
1.198651079,6.358275722,0.065721593,5.0,0
1.109521238,9.903823529,0.079254386,5.0,0
1.152308458,14.86309332,0.078145322,5.0,0
1.161912613,36.87012987,0.057098002,5.0,0
1.13986014,990.2051282,0.058178967,5.0,0
1.374159602,0.78386037,-0.627323718,5.0,0
1.342542092,0.610235125,0.24138213,5.0,0
1.682799612,0.609285163,0.031897266,5.0,0
1.452371964,0.596065922,0.282843895,5.0,0
1.324740648,1.005349584,-0.056888008,5.0,0
0.617420442,2.278475156,0.125093443,5.0,0
0.624339782,2.277287909,0.11387082,5.0,0
0.64474276,2.220594259,0.117544928,5.0,0
1.311148517,1.517932036,0.034164003,5.0,0
1.641815235,0.885339238,0.036225653,5.0,0
1.365585747,0.956162074,0.033322092,5.0,0
1.555202409,0.69622349,0.032315593,5.0,0
1.439593909,0.748143433,0.031486279,5.0,0
1.182552381,1.564811295,0.029950542,5.0,0
2.062056738,1.133627667,0.066010083,5.0,0
3.303921569,1.53714178,0.246656761,5.0,0
1.735772358,2.093857494,0.054540303,5.0,0
2.484571429,1.564386938,0.071448743,5.0,0
2.194473964,1.955195871,0.053249678,5.0,1
2.590316986,0.807681983,-0.063556066,5.0,1
2.153670544,0.975348456,-0.104808561,5.0,1
2.804338922,0.832359875,0.053926171,5.0,0
3.677651837,0.647698135,0.058616152,5.0,0
3.080376539,0.879095585,0.060884058,5.0,1
6.033708238,0.61329175,0.050448081,5.0,0
4.305053628,0.915515725,0.037622243,5.0,0
1.445475638,1.294547553,0.10238626,5.0,0
1.285427017,1.389267714,0.087500509,5.0,0
1.419599047,1.313550267,0.08061609,5.0,0
0.686591276,0.841397849,0.117186978,5.0,0
0.740405432,0.93108352,0.097527896,5.0,0
0.733727811,0.828999534,0.192775815,5.0,0
1.048869605,0.713177926,0.270563155,5.0,0
1.497975709,0.741551232,-0.376045044,5.0,1
0.821487603,-8.699781659,-1.478984603,5.0,1
0.585399449,-12.40754039,0.180349063,5.0,1
0.773730684,3.786288778,-0.343637671,5.0,1
1.695652174,4.279680365,0.141281875,5.0,1
2.700581395,3.68833214,0.128160484,5.0,1
1.492674986,4.385252304,0.141595972,5.0,1
0.851411982,3.866902427,0.110440798,5.0,1
2.150902132,4.274198337,0.181273355,5.0,0
0.852488864,1.638135237,0.054411549,5.0,0
0.697346864,1.607550157,0.058129932,5.0,0
0.601819552,1.412010781,0.093281387,5.0,0
0.753394278,1.724842088,0.056827709,5.0,0
1.495044179,1.328093593,0.1621342,5.0,1
1.570184984,1.426365141,0.117575758,5.0,0
2.370426829,1.112306658,0.076079948,5.0,0
2.165079365,1.102986612,0.054565396,5.0,0
2.376417234,1.491896272,-0.116335772,5.0,0
1.771327014,1.169656586,0.044181346,5.0,0
2.736180905,1.389324961,0.061800083,5.0,0
1.504957635,1.25757295,0.029538744,5.0,0
1.339955617,1.306967396,0.018450622,5.0,0
1.627406719,1.103030303,0.042707754,5.0,0
1.4876653,1.268701595,0.021713793,5.0,0
1.439032206,1.313983153,0.022980051,5.0,0
1.246692393,1.060972744,0.118838657,5.0,0
0.978716981,0.973269005,0.1526976,5.0,0
0.930109308,0.951187849,0.161097762,5.0,0
0.735147613,1.124539794,0.150796257,5.0,0
0.81933488,1.333488516,0.118838657,5.0,0
0.826891975,0.993115061,0.074340281,5.0,0
0.818622066,1.003985115,0.078943727,5.0,0
0.789665777,0.971524082,0.060063522,5.0,0
3.727423915,0.240113355,0.300789066,5.0,0
3.143345644,0.647649317,0.242209391,5.0,0
1.220692928,1.95749821,0.15210356,5.0,0
1.519467213,2.002999657,0.166624333,5.0,0
1.066235249,2.396023106,0.158132018,5.0,0
1.092296241,2.48051488,0.155156263,5.0,0
1.073432343,2.025704494,0.154997505,5.0,0
1.219117647,2.028390628,0.15484687,5.0,0
1.125344896,2.234597701,0.146953742,5.0,0
2.726621568,1.15175613,0.072273995,5.0,0
2.561278259,0.9819266,0.106480073,5.0,0
4.032282142,1.389212262,-0.028392502,5.0,0
2.809269595,0.793983937,0.1143421,5.0,0
1.725082147,-20.45405405,0.083820663,5.0,1
1.433680104,-6.930049261,0.071995411,5.0,0
1.924955331,418.1111111,0.090972586,5.0,0
1.972081218,1.135369532,0.026975684,5.0,0
2.929478138,1.256649892,0.016879985,5.0,1
2.701117318,0.974764468,0.065039202,5.0,0
1.803455724,1.140138408,0.077476182,5.0,0
2.658311346,1.128258603,0.03137541,5.0,0
1.378478664,0.737356451,0.202552671,5.0,0
1.311222934,0.729530744,0.206871135,5.0,0
1.675799087,0.763901785,-0.465782655,5.0,1
1.899600178,0.96924453,-1.265895954,5.0,1
0.348114832,2.68997905,0.053779548,5.0,1
0.753801488,0.918674951,0.109718025,5.0,1
0.769225745,1.661674986,0.043066051,5.0,0
0.850681381,1.399582921,0.050480061,5.0,0
0.776368196,1.594297261,0.049955703,5.0,0
0.737540212,2.302683469,0.037000261,5.0,0
1.653977422,1.129153605,0.110676128,5.0,0
1.36030205,1.75916389,0.124020786,5.0,0
1.634278003,1.501051451,0.113118678,5.0,0
1.67312009,1.465637299,0.098624623,5.0,0
1.363175025,1.425169916,0.073905734,5.0,0
0.882592183,1.929669427,0.094578284,5.0,0
1.780934733,1.896431283,0.160080616,5.0,0
1.713174446,2.191748768,0.149781057,5.0,0
2.051478261,1.371128194,0.097110754,5.0,0
1.69387064,2.056717476,0.131856609,5.0,0
2.395772595,0.875271411,0.488536849,5.0,0
1.340914312,-3.749848943,-0.232468335,5.0,1
1.281154659,-3.278706495,-0.083341067,5.0,1
1.507919967,-456.2222222,0.123441754,5.0,1
1.220168955,-2.295142249,-0.018145957,5.0,1
1.184826282,-2.599269446,-0.057282991,5.0,1
1.26543987,5.575624505,0.016149165,5.0,1
1.368827355,2.887303466,0.026431952,5.0,1
1.555029176,5.915806674,0.033301077,5.0,1
1.226052792,13.08840827,0.047699637,5.0,0
1.409131726,1.245446228,0.056992049,5.0,1
2.98492127,1.293920947,0.124837561,5.0,0
2.751493795,1.172082479,0.126559939,5.0,0
2.373592631,0.596728365,0.050556541,5.0,0
0.909737661,2.377923432,0.096811498,5.0,0
0.915910177,2.403397639,0.103312561,5.0,0
0.801300284,2.215464548,0.049503255,5.0,0
1.285714286,1.967041293,0.084417697,5.0,0
1.257386476,1.2664043,0.157189946,5.0,0
0.94954624,1.451687541,-0.14313884,5.0,0
1.306058767,1.24497698,0.123727867,5.0,0
1.076599686,1.349288605,0.050797956,5.0,0
1.375279482,1.441161148,0.135926714,5.0,0
0.613980471,1.22370009,0.16272401,5.0,1
0.924112971,3.739984883,-3.487267407,5.0,1
1.269564538,1.231438171,0.26095996,5.0,1
1.034548828,1.118886557,32.83318062,5.0,1
2.502760289,1.177826733,26.069869,5.0,1
0.875909679,1.953987045,0.111379418,5.0,0
0.880569643,2.54460247,0.086875014,5.0,0
0.717159193,2.683976013,0.089299855,5.0,0
0.827730668,2.618184848,0.087394678,5.0,0
0.831112854,2.477549923,0.078947927,5.0,0
0.893794264,2.509174644,0.089376883,5.0,0
0.875282834,2.734310941,0.101142261,5.0,0
1.067387687,0.518957848,-0.077060452,5.0,1
2.407087221,1.255376309,0.426546991,5.0,0
1.489982652,1.587453646,0.142474054,5.0,0
2.667560446,1.3740761,0.184154823,5.0,0
2.056646122,1.287407227,0.148446422,5.0,0
1.2740234,34.94798384,0.036913982,5.0,0
1.169233715,82.94741066,0.087336033,5.0,0
1.116470522,70.0460088,0.090775212,5.0,0
1.017883321,33.36339882,0.114012342,5.0,0
1.054334896,-209.9751193,0.116991861,5.0,0
0.998953437,-57.31037044,0.027242905,5.0,0
1.178048927,-88.42944264,0.053892223,5.0,0
1.703191489,1.150113428,0.136937731,5.0,0
1.519112084,1.270074165,-0.024864337,5.0,0
1.404213298,1.253606765,0.071622599,5.0,0
1.46656114,1.173738961,0.096400073,5.0,0
0.593490122,3.551190321,0.061589062,5.0,0
2.711762033,0.804202979,0.280838546,5.0,0
2.501343816,1.200504477,0.130294935,5.0,0
2.504021918,0.919985744,0.254212108,5.0,0
2.602912384,0.827388756,0.230294481,5.0,0
2.352881716,1.690306541,0.196882325,5.0,0
1.273496598,4.011055645,0.025325629,5.0,1
1.09152604,3.878733917,0.063581349,5.0,0
1.305854643,2.904147206,0.034395568,5.0,0
2.077002255,3.352886439,0.010438157,5.0,1
1.90751074,2.286831759,0.029578881,5.0,1
1.695364824,1.251966234,0.028982064,5.0,1
1.597623941,1.657369732,0.031723514,5.0,1
1.826919826,1.744546357,0.0134104,5.0,1
1.736918505,1.297488081,0.059182457,5.0,1
0.238829186,0.723060583,0.169564952,5.0,0
2.410910518,1.174342401,0.062797672,5.0,0
2.141806143,1.920736108,0.091519032,5.0,0
2.649546279,1.187690335,0.087535745,5.0,0
2.250862267,2.474351145,0.136734382,5.0,0
2.278796333,1.156046446,0.042069168,5.0,1
2.973647712,1.338539274,0.059186395,5.0,0
2.628032345,1.366604478,0.071517524,5.0,0
2.7,1.229617304,0.05952202,5.0,0
2.269978402,1.527091255,0.066891783,5.0,0
2.529474812,1.294624538,0.065523576,5.0,0
1.457853427,3.111948489,0.00419434,5.0,1
1.358636364,2.475602359,0.006529664,5.0,1
1.413068647,4.847075285,0.002602145,5.0,1
1.462121212,3.429517502,0.70385208,5.0,1
1.71069869,5.153757225,-0.03928619,5.0,1
2.082685905,2.1390625,0.092754402,5.0,1
1.604367373,2.80489671,0.009941593,5.0,1
0.692330259,2.604703736,0.081404464,5.0,0
0.570932764,2.365814196,0.100165745,5.0,0
0.996989825,2.702907428,0.069662921,5.0,0
0.609720687,2.736926035,0.082837801,5.0,0
0.501855742,2.298791256,0.124523696,5.0,0
0.67471982,2.731706194,0.091938838,5.0,0
1.46636708,1.227057167,-0.096437075,5.0,0
1.749229812,1.42022084,-0.098565488,5.0,0
2.09987769,1.037131145,0.022753846,5.0,0
2.766607911,1.128876897,0.023468386,5.0,0
1.40624308,1.52138958,-0.462215627,5.0,1
1.713291415,1.310767268,0.040208727,5.0,0
1.212845459,1.185851143,0.022463314,5.0,0
1.973619416,23.97425333,0.070565351,5.0,1
0.752713678,12.1870835,0.011202546,5.0,1
1.444301234,1.376242874,0.074612225,5.0,0
1.512605042,1.123970607,0.079505144,5.0,0
1.776760277,1.113691859,0.084414406,5.0,0
1.430486486,1.043395232,0.094893311,5.0,0
1.601869673,1.389878163,0.08411739,5.0,0
1.703062171,1.337815811,0.067736055,5.0,0
1.654943257,13.25776531,0.232194399,5.0,0
1.41122807,14.81343284,0.088877756,5.0,0
1.202465891,3.088326301,0.039318832,5.0,0
1.345988032,2.089800295,0.03514658,5.0,0
1.162545192,2.229363021,0.03568825,5.0,0
1.053883042,3.530817227,0.115981735,5.0,0
1.067705945,3.448738945,0.118558466,5.0,0
1.12681686,2.65833127,0.086736954,5.0,0
1.05963273,2.714057704,0.094202285,5.0,0
0.607189087,4.79814905,0.101065806,5.0,0
0.582614089,5.768042375,0.095964806,5.0,0
0.645826196,6.087058824,0.095262336,5.0,0
-0.923732454,0.625164998,0.09343476,5.0,0
-0.905898491,0.701757142,0.094824768,5.0,0
-0.932005472,0.514538409,0.084986478,5.0,0
-0.921083638,0.659493044,0.083827257,5.0,0
2.568261965,0.701620048,0.186974285,5.0,1
1.591777188,1.078341014,-0.20852409,5.0,1
1.792806294,0.816043592,0.107094503,5.0,1
1.420119448,0.886758805,-0.675704859,5.0,0
1.905458638,0.949913127,0.148355124,5.0,1
1.582829947,1.175611305,-0.023814702,5.0,1
1.055551596,16.01579409,0.075740288,5.0,0
2.624547135,1.872662866,0.095371215,5.0,0
0.635627068,12.71146732,0.135838019,5.0,0
0.869973632,9.160619174,0.104199079,5.0,0
1.005786548,1.68264888,0.021682074,5.0,0
0.787765247,1.633159132,0.007553131,5.0,0
0.967767842,3.506265166,0.078215638,5.0,0
1.140492937,3.649193898,0.096249042,5.0,0
1.316332455,3.823235287,-0.018680872,5.0,0
1.151299211,4.679970165,-0.064872513,5.0,0
1.065528566,1.534769458,0.097658245,5.0,0
1.1119811,1.413736458,0.094999521,5.0,0
0.797894795,1.405586978,0.129147339,5.0,0
0.708817318,1.130904632,0.199892509,5.0,0
0.538664502,2.757842844,0.088510934,5.0,0
0.733528016,2.865814204,0.120181913,5.0,0
0.678549478,2.989906766,0.072728718,5.0,0
0.359100135,2.617325721,0.110455809,5.0,0
0.713675214,2.966937718,-0.015427415,5.0,0
1.031278749,3.333303265,-0.002899687,5.0,1
1.118927126,2.961197146,0.101216859,5.0,0
1.19790454,2.359433169,0.073571254,5.0,0
0.879899655,2.274207802,0.068419418,5.0,0
1.018591772,2.275991792,0.070329883,5.0,0
1.216133942,2.710800399,0.079914578,5.0,0
1.133360689,2.555765176,0.081655691,5.0,0
1.053106936,2.572358606,0.069389148,5.0,0
1.322288398,0.948668701,0.184847283,5.0,0
1.436470729,0.924398166,0.152434841,5.0,1
1.38866174,1.023970826,0.002626756,5.0,0
1.432142665,0.891423025,0.147263105,5.0,0
1.883194667,0.986586338,-0.403802673,5.0,1
2.129494908,1.088756847,0.186147451,5.0,1
2.20128041,0.962526418,0.179039032,5.0,1
2.160242424,1.091227303,0.131158382,5.0,1
0.686785562,0.829100645,0.140123618,5.0,0
3.587601936,1.119692277,0.05629048,5.0,1
3.249268873,0.715492353,0.05260432,5.0,0
2.947152844,0.715860167,0.081589572,5.0,0
1.451121456,0.898314376,-0.077005491,5.0,1
1.328012769,-43.07407407,0.049705965,5.0,1
1.747173225,6.756493506,0.100457693,5.0,1
1.963985279,0.64899931,0.08547055,5.0,0
2.408080376,-28.11480865,-0.002451581,5.0,1
0.933010598,9.044021739,0.142436975,5.0,0
0.859847415,10.296875,0.206062751,5.0,0
0.933692264,7.462976451,0.185359274,5.0,0
0.98440678,2.596867659,0.553099751,5.0,0
0.765361774,10.15183081,0.169794459,5.0,0
0.896389939,10.43828799,0.20675312,5.0,0
3.443689443,1.992623099,0.272060398,5.0,0
4.953339041,1.677050198,0.257090166,5.0,0
4.444213684,1.548730549,0.320330533,5.0,0
3.81015749,1.848793284,0.251665219,5.0,0
4.106569082,1.598359833,0.335870558,5.0,0
2.284788219,1.632639546,56.46651102,5.0,0
2.398549894,1.426906445,42.26054966,5.0,0
2.828556493,1.752411826,0.050386308,5.0,1
2.0997801,1.441050077,14.053811,5.0,0
1.494999693,1.455689241,11.487316,5.0,0
1.38687134,1.305663827,198.5178727,5.0,0
1.167985176,1.908745018,0.040913494,5.0,0
0.905768177,1.744932537,0.027150256,5.0,0
1.709334657,1.822044295,0.043329871,5.0,0
1.20032379,1.958062442,-0.02252885,5.0,0
1.151326381,1.947348461,0.04192371,5.0,0
1.626556017,1.901739754,0.038067843,5.0,0
3.815434431,0.951499254,0.180241106,5.0,0
4.519493671,0.869208934,0.208981314,5.0,0
2.756200439,0.917723368,0.223492338,5.0,0
3.362476834,1.00422694,0.132027047,5.0,0
1.27375064,1.410873809,0.091499212,5.0,0
0.672998643,7.118334892,-1.15050141,5.0,1
0.662919311,1.61219131,0.041357249,5.0,0
0.470475583,1.672682895,-0.062439104,5.0,0
0.727394209,1.435731132,0.189408499,5.0,1
0.587171053,-9.923287671,-0.559070122,5.0,1
0.44860209,1.516542348,0.14972067,5.0,1
1.078747204,5.019956616,0.128645235,5.0,0
1.240520656,-40.99331104,0.086316577,5.0,0
1.232387228,10.75458515,0.126179314,5.0,0
1.184607104,4.357473684,0.145273097,5.0,0
1.320181969,2.780121256,0.027466054,5.0,1
1.240198264,2.782514091,0.015309654,5.0,0
1.196489664,2.919767035,0.02025872,5.0,0
1.033685154,3.148511614,0.015867696,5.0,0
1.050345219,3.233778927,0.013844811,5.0,0
1.461345904,2.706854969,0.023011215,5.0,0
1.290927428,3.025878206,0.012734788,5.0,1
1.202826734,0.981951708,0.073030215,5.0,0
0.958107086,1.57667439,-0.045229579,5.0,0
1.016188792,1.351560126,0.111835707,5.0,0
1.652120723,1.52403898,0.082659683,5.0,1
1.436326309,1.477593966,0.087259805,5.0,0
1.584707646,1.544919156,0.069465685,5.0,0
1.603722721,1.724936997,0.06824002,5.0,0
1.436505933,1.820868725,0.057918322,5.0,0
0.500385081,2.078014184,0.118809999,5.0,1
0.642585551,1.940843382,0.103235294,5.0,1
0.580047436,1.891459459,0.129892882,5.0,1
0.615430004,1.789882421,0.120018464,5.0,0
0.669398907,2.533484341,0.121478776,5.0,0
0.481184948,1.801327616,0.124477085,5.0,1
0.569815805,1.754166219,0.139555228,5.0,0
1.008295424,8.596878364,0.082268524,5.0,0
1.056271186,6.29102412,0.102635125,5.0,0
0.896579805,8.926708075,0.081355635,5.0,0
1.103671706,2.802546441,0.074696184,5.0,0
0.995799854,6.461466165,0.101034748,5.0,0
1.139176784,2.682507987,0.084448743,5.0,0
0.851890482,3.365021157,0.122160627,5.0,0
0.765352887,4.433130154,0.043347051,5.0,0
0.747291621,5.276973956,0.067690357,5.0,0
1.57020523,1.280171619,0.089890024,5.0,0
1.492352253,2.123533856,0.043333424,5.0,0
1.870568449,1.957742965,-0.011846798,5.0,0
2.007266178,0.926615589,0.071767584,5.0,0
1.765233303,1.284660577,0.030529905,5.0,0
1.800576568,1.022121142,0.084978215,5.0,0
1.866572635,0.993318645,0.078771965,5.0,0
2.375652411,1.408766788,0.079622434,5.0,0
1.809368656,1.281271884,0.087618141,5.0,0
1.571269043,1.185424714,0.072867899,5.0,0
1.627652342,1.268878528,0.055444391,5.0,0
2.201148296,1.635205688,0.07101994,5.0,0
1.094960251,6.643445175,0.100240904,5.0,0
4.633562017,0.746907206,0.044992099,5.0,0
5.488154849,0.827335163,0.113926803,5.0,0
4.806685847,0.761935838,0.113011279,5.0,0
2.611346027,0.956384704,0.130082081,5.0,0
3.253196721,0.835726124,0.126086269,5.0,0
3.055471236,0.874325159,0.105445835,5.0,0
2.786474029,0.943781954,0.139957182,5.0,0
1.380620863,2.839968153,0.05917095,5.0,0
1.681728449,2.698057613,0.07705369,5.0,0
1.311723602,2.515924688,0.069069431,5.0,0
1.508962264,2.852507375,0.1374705,5.0,0
1.100220485,2.829822732,0.131843162,5.0,0
1.301772867,2.665437917,0.049853123,5.0,0
0.922345248,3.447265549,0.036160714,5.0,0
1.061192463,0.648078228,0.164595764,5.0,0
1.880012459,1.218617601,0.217760399,5.0,0
1.777503069,0.800552604,0.08472601,5.0,0
1.9326792,0.941954828,0.185407237,5.0,0
1.180188256,1.810961602,0.148035391,5.0,0
1.334056399,1.877402781,0.169853268,5.0,0
1.560674157,1.678997421,0.172057811,5.0,0
1.029394474,1.879426899,0.171500179,5.0,0
1.077366651,2.108811475,0.158423913,5.0,0
0.97947841,1.811830123,0.16868932,5.0,0
2.492102428,1.604871185,0.155943775,5.0,1
1.759336717,1.399023334,0.126532129,5.0,0
1.236181262,1.386697818,0.134255638,5.0,0
1.358427909,0.985343342,0.108938662,5.0,0
1.656353552,1.072502612,0.103666086,5.0,0
1.240229866,0.859033426,0.11923221,5.0,0
1.071929726,1.488174214,0.063158282,5.0,0
1.381994321,1.162732803,-0.127457913,5.0,0
1.535215553,1.327813091,0.049757184,5.0,0
1.463576693,1.40573016,0.008650815,5.0,0
1.443096136,1.316881138,0.067458436,5.0,0
1.370992201,1.347342421,-0.025699822,5.0,0
9.475390913,1.186406088,0.083273432,5.0,1
16.91706485,2.395060131,0.029785956,5.0,1
64.47069078,1.684527307,0.082124864,5.0,1
36.70380953,1.552602575,0.084747026,5.0,1
17.9985499,2.034530644,0.165450096,5.0,1
1.708955944,-4.285643388,0.009770821,5.0,1
1.710079627,-3.878190267,0.00465122,5.0,1
1.698896579,154.3430314,0.079506296,5.0,1
1.752539665,-3.846921395,-0.014110021,5.0,1
1.518480627,18.39536796,0.005383312,5.0,1
0.780077799,3.701601039,0.105339337,5.0,0
0.849299399,3.303040715,0.129344512,5.0,0
0.516133005,3.642845862,0.162543867,5.0,0
0.662115162,3.432059046,0.02306576,5.0,0
1.49683433,1.322601626,0.05793262,5.0,1
1.460500329,1.550477618,0.079895891,5.0,1
1.239931045,1.493937353,0.05913242,5.0,0
1.272363913,1.771545074,0.039075447,5.0,1
1.502363558,2.779783394,-0.04372853,5.0,0
1.267076503,20.36423841,-0.012069897,5.0,1
1.200324977,33.27206946,-0.007513148,5.0,1
1.303173029,58.23501199,-0.009785434,5.0,1
1.520703347,6.912510936,0.015462222,5.0,1
1.29862259,4.946591708,0.006051753,5.0,1
1.339710145,3.813137033,0.121564367,5.0,1
1.318702824,26.86635945,0.000722239,5.0,1
1.410320428,2.857632941,0.076252694,5.0,1
1.85612395,2.470200152,0.081538841,5.0,1
1.426434985,3.256713481,0.072908636,5.0,1
1.978645687,3.15313429,0.068459804,5.0,1
1.877040837,2.801213563,0.028451905,5.0,1
1.142045056,3.0155667,0.038653453,5.0,0
1.162205605,2.795645143,0.040737922,5.0,0
0.869497886,2.917756315,0.041996084,5.0,0
1.067186363,3.593992564,-0.25070277,5.0,1
1.68241534,11.3810554,-0.322560893,5.0,1
1.000241774,2.242332227,-0.457378703,5.0,1
1.847624717,1.210996152,0.150915758,5.0,1
2.285395408,0.900348327,0.094900196,5.0,0
1.939021056,1.124544792,0.102393617,5.0,0
1.929141104,1.227408994,0.078632996,5.0,0
2.565023753,0.961118509,0.085717589,5.0,0
2.089666053,1.043478261,0.073207745,5.0,0
2.251927381,1.035875597,0.085895635,5.0,0
1.6295463,1.019896945,0.285059397,5.0,1
2.134585117,2.490884505,0.208042135,5.0,1
1.96744134,8.705697328,0.226698555,5.0,1
1.26636795,0.988460153,0.214892432,5.0,1
1.497207407,1.369327548,0.192525371,5.0,1
1.83666275,1.472420463,0.022127157,5.0,0
1.960695652,0.929359697,0.035247364,5.0,0
1.822853916,1.164692021,0.046020146,5.0,0
1.685150726,1.030488219,0.047610122,5.0,0
1.664729459,1.202930793,0.027742961,5.0,0
1.256846081,1.605066066,0.016589013,5.0,0
2.03423913,1.160227992,0.045442121,5.0,0
1.468947649,1.428571429,0.019699581,5.0,0
2.017291066,1.30588294,0.030254167,5.0,0
2.774036229,1.032506814,0.061113668,5.0,0
2.927668184,1.601410474,0.042385529,5.0,0
3.323191555,1.191643412,0.026361881,5.0,0
3.042497626,1.212339805,0.06431307,5.0,0
2.254962108,1.380684907,0.059742692,5.0,0
3.38253012,1.52900715,0.006231389,5.0,0
3.76146789,1.760907504,0.001669449,5.0,0
2.364401036,0.879788393,0.219598821,5.0,0
2.196962025,0.791730247,0.193950527,5.0,0
1.650611621,6.875128733,0.041940532,5.0,0
1.760288668,2.889944479,0.047971114,5.0,0
2.206838328,3.077492447,0.051509564,5.0,0
1.621307802,4.607820137,0.023500021,5.0,0
1.711444008,6.681409813,0.042886285,5.0,0
1.420460597,1.456379493,0.099995124,5.0,0
1.770634049,1.365094147,0.125041707,5.0,0
2.005571993,1.015505646,0.114908418,5.0,0
1.334415802,1.662280847,0.07489938,5.0,0
2.823926562,0.927054865,0.112607199,5.0,0
1.40436678,3.066289875,0.068078913,5.0,0
1.334967263,5.299481785,0.08194486,5.0,0
1.394231804,4.032746939,0.066957814,5.0,0
1.308519941,4.273563991,0.04471294,5.0,0
1.223289454,4.653825778,-0.001738589,5.0,0
1.42913796,4.082243203,0.086239089,5.0,0
1.052492746,1.343038869,0.199790557,5.0,0
1.123605668,1.427387232,0.168328476,5.0,0
1.242762284,1.487894662,0.215941304,5.0,0
1.158704713,1.372239272,0.188425882,5.0,0
1.288209607,1.637426336,0.218768624,5.0,0
0.987912088,1.795404375,0.212276215,5.0,0
1.756209457,-2.509488084,0.162486642,5.0,0
1.76079799,-2.228654518,0.156915752,5.0,0
1.494851358,-2.811093233,0.148892052,5.0,0
1.658178114,27.74074074,0.038690476,5.0,0
1.495727777,89.14880952,0.029464035,5.0,1
1.607837529,9.622553897,0.060362276,5.0,0
1.12004104,2.896004942,0.10126702,5.0,0
0.854622775,-86.29885057,0.054488731,5.0,0
1.164165277,2.690798247,0.076321596,5.0,0
0.892868615,20.29766804,0.077367674,5.0,0
1.801905296,2.24137931,0.005826241,5.0,1
1.873035439,2.92562724,-0.095959596,5.0,1
1.823556797,2.772577997,-0.141869708,5.0,1
1.582351329,3.592285714,-0.00266546,5.0,1
1.797324415,3.376473972,-0.006415563,5.0,1
2.063354932,2.252911134,0.094008724,5.0,1
1.868725869,3.028144239,-0.042880811,5.0,1
4.132038454,1.279000473,0.259980118,5.0,0
3.238968303,0.83237771,0.293840775,5.0,0
3.345472236,0.927215325,0.286218158,5.0,0
2.760287486,0.848727876,0.239935995,5.0,0
2.166890681,1.060849331,0.053229974,5.0,0
2.267770482,0.90894137,0.144681279,5.0,0
3.136996613,0.740134851,0.11151757,5.0,0
3.944748359,0.61460367,0.161911641,5.0,0
4.343283582,0.53611725,0.149936468,5.0,0
0.914854658,2.383357558,0.094818604,5.0,0
0.626843018,2.484630367,0.131854169,5.0,0
0.825409351,2.508034611,0.105210693,5.0,0
0.560172952,2.39052653,0.135213232,5.0,0
0.524717395,2.689753687,0.134537955,5.0,0
0.8677783,2.54979576,0.089043226,5.0,0
1.59806165,10.45647357,0.020152095,5.0,1
1.327044025,9.662516479,0.013422998,5.0,1
1.397645951,6.942552987,-0.011554048,5.0,1
1.424956702,11.8651061,0.010117724,5.0,1
1.449632407,136.5511364,-0.063725922,5.0,1
1.62265489,-41.53642384,-0.071914381,5.0,1
1.364595545,1.950907468,0.009704455,5.0,1
1.276910435,1.803759613,0.070504798,5.0,1
0.864917543,1.165894314,-0.748688792,5.0,1
1.041698447,0.952812257,0.165375659,5.0,0
1.088278307,1.036997905,0.208433108,5.0,0
1.220445618,0.610560334,0.031453766,5.0,0
1.20518785,0.959581124,0.033915826,5.0,0
1.037772758,1.094067967,-0.147252404,5.0,0
0.861466822,3.826901874,-0.004294479,5.0,1
1.622107969,4.375959079,-0.001189061,5.0,1
1.892183288,5.675548589,0.041337386,5.0,1
1.911111111,3.31870229,0.069343066,5.0,1
0.647837435,2.968138708,0.019108087,5.0,0
0.915977291,4.131522612,0.030385606,5.0,0
0.863172298,3.220302633,0.03732632,5.0,0
0.630883902,2.957355279,0.059866898,5.0,0
0.933653982,3.249658403,0.028669911,5.0,0
1.733790843,1.588831767,0.085035598,5.0,0
1.360421369,1.451208308,0.093769735,5.0,0
1.353232863,1.500551998,0.10281412,5.0,0
1.946581487,1.796090395,0.098789663,5.0,0
1.076318919,3.924909672,-0.048717811,5.0,1
1.227555919,5.170900593,-0.015964463,5.0,1
1.612091951,3.56188617,0.396803822,5.0,1
0.888270722,5.527267847,-0.014865427,5.0,1
1.301931638,5.020948115,-0.192961587,5.0,1
0.972166471,3.52933854,0.116491345,5.0,1
0.686712034,0.803271984,0.282619913,5.0,0
2.628667998,0.874156354,-1.658348128,5.0,0
1.200272566,0.938681723,0.209227383,5.0,1
0.742927188,0.734030045,0.301459307,5.0,1
1.104132063,5.073574278,0.009178179,5.0,0
1.0848902,3.920226308,0.010926463,5.0,0
1.094724901,5.732908386,0.008243738,5.0,0
1.088398045,3.844532279,0.011431225,5.0,0
0.555869873,2.543382997,-1.454197255,5.0,1
1.105507547,0.991003209,0.216095309,5.0,0
0.20541636,2.201415701,0.228826152,5.0,0
2.038022814,6.34294622,-101.845815,5.0,1
1.750818777,1.157227127,-0.502511161,5.0,0
1.354468085,0.845640196,0.169572968,5.0,0
0.967761435,0.795295416,0.268173706,5.0,0
0.896315029,0.938559254,0.113589426,5.0,0
1.511475068,-3.210577796,-1.562428358,5.0,1
1.689358776,-2.077773292,-0.372175036,5.0,1
2.108412171,-2.313870109,0.082550972,5.0,1
1.199156231,1.513690579,0.238302695,5.0,0
1.194353963,1.930235068,-0.153149318,5.0,0
1.978973105,1.09179388,0.055915646,5.0,0
2.56119847,0.933504838,0.074447567,5.0,0
1.856638231,1.798577459,0.010581149,5.0,0
1.896353121,1.830879611,0.011188129,5.0,0
1.862223572,1.760699529,0.007044674,5.0,0
1.231118088,1.936690914,0.161346867,5.0,0
0.757438895,1.88556825,0.123492194,5.0,0
0.635033827,2.007704718,0.135160582,5.0,0
0.653680521,2.474427496,0.087566077,5.0,0
0.62221874,2.585646141,0.096698627,5.0,0
0.892261421,1.397397257,-1.082106575,5.0,1
0.697548895,1.461732749,0.021006471,5.0,1
1.301613318,0.920968718,-1.042117321,5.0,1
1.375387207,1.307252296,0.129421914,5.0,1
2.374087591,4.082164329,-0.150568182,5.0,1
6.505464481,2.145962733,-0.245826137,5.0,1
1.644151197,88.26953125,0.074416131,5.0,0
2.422411778,8.162034942,0.144063515,5.0,0
1.637090996,9.13623156,0.212222748,5.0,0
2.293737895,9.063470125,0.181100833,5.0,0
1.399805447,2.961177366,0.087893864,5.0,0
1.931972789,2.120389884,0.12459893,5.0,0
1.569238378,3.578917379,0.078828592,5.0,0
2.066427289,2.306951872,0.096962942,5.0,0
1.596657382,2.410635481,0.094804618,5.0,0
1.165853517,2.321823714,0.194008258,5.0,1
1.810908044,1.94858681,0.01862398,5.0,1
2.627082048,0.646707886,0.100535273,5.0,1
1.5360134,2.489382555,0.076157218,5.0,0
1.482357679,2.444663772,0.075849076,5.0,0
2.044932223,2.390630862,0.149244621,5.0,0
2.032177411,2.017491536,0.108321738,5.0,0
1.335663543,0.742469682,0.033124634,5.0,0
1.322808996,0.715986789,0.090772279,5.0,0
1.521897147,0.70174968,0.093612354,5.0,0
1.628668304,0.70652779,0.10821838,5.0,0
1.526264827,1.406168387,0.058985068,5.0,1
1.668130145,1.645075603,0.00336984,5.0,1
1.909423666,2.797937692,0.046609844,5.0,1
2.030799384,1.504823225,0.053268941,5.0,1
1.931588376,1.670149952,0.017533697,5.0,1
2.096444827,1.392431644,0.071792168,5.0,1
1.841671032,1.349669398,0.071368901,5.0,1
1.666139782,1.486646223,0.053963892,5.0,1
1.709913073,2.256845557,0.041664323,5.0,1
1.672330443,3.597905632,0.015153942,5.0,1
1.401760633,1.957589976,0.042168822,5.0,1
1.293950799,2.337492125,0.019694911,5.0,1
1.78369053,2.593534926,0.036968662,5.0,1
1.552244988,2.999975478,0.03306777,5.0,1
2.42461074,2.183903793,0.052770914,5.0,1
2.261206306,1.725878745,0.118710396,5.0,0
2.204402516,2.44964539,-0.104244254,5.0,1
0.736268017,4.760852227,0.276810266,5.0,1
0.982905983,2.426454446,-0.114080699,5.0,1
0.611533841,6.973324658,-0.077581522,5.0,1
0.495761275,9.087228085,-0.056540872,5.0,1
1.130746269,11.73302469,0.04741488,5.0,1
2.845988224,3.527059702,0.038595653,5.0,1
0.868857228,1.061035499,0.057122307,5.0,1
0.310328215,1.246697744,0.041311353,5.0,1
0.509429919,1.354403895,0.030534588,5.0,1
0.843139409,5.049608769,-0.035499849,5.0,1
0.676408692,3.22334542,-0.26434319,5.0,1
0.603516484,1.697819315,0.105517456,5.0,0
0.619834711,2.099644128,0.068935878,5.0,1
0.563500534,2.444236176,0.030876677,5.0,1
2.080798911,1.239781293,0.025236749,5.0,0
1.597585971,1.314708108,0.020514548,5.0,0
1.822071784,1.166584134,0.014943655,5.0,0
1.61636431,1.241529445,0.027310862,5.0,0
1.668247661,1.242842588,0.027684388,5.0,0
2.070490249,0.757058198,0.04157592,5.0,0
3.466372829,0.356076484,0.253033871,5.0,0
1.049063518,2.710813412,0.095278246,5.0,0
0.827488916,2.585559143,0.151056614,5.0,0
0.900977778,3.163549618,0.124206414,5.0,1
0.682662539,2.96219377,0.088929456,5.0,0
1.47527592,1.052242422,0.098910678,5.0,0
1.770505392,0.83191372,0.105555587,5.0,0
1.679499746,1.155278448,0.099134834,5.0,0
1.718317654,0.875275258,0.05785883,5.0,0
1.650767544,1.534179538,-0.016939661,5.0,1
1.267041462,1.639306179,-0.016124661,5.0,1
0.902982994,1.687657805,0.041378488,5.0,0
1.428395062,1.86914557,-0.031964692,5.0,1
1.317995013,2.492970946,0.038127347,5.0,1
1.265871573,1.988840984,0.082101647,5.0,0
1.466786944,1.444521068,0.075501313,5.0,0
1.354905336,2.012203687,-0.010535335,5.0,0
1.170831659,1.979791395,0.094219708,5.0,0
1.202475479,1.994897959,0.094249354,5.0,0
1.378914311,1.63626058,0.077302078,5.0,0
2.024669604,-8.973684211,0.000337762,5.0,1
2.276693456,7.086021505,0.199242014,5.0,1
1.348526959,7.068410463,0.026840855,5.0,0
1.245919478,7.845265589,0.022978403,5.0,0
1.288182832,8.161662818,0.030088927,5.0,0
1.318803852,6.584642234,0.041400163,5.0,0
1.326402225,3.407477413,0.067633444,5.0,0
2.794919315,1.169499419,0.096186948,5.0,0
2.865564462,1.034993602,0.082262185,5.0,0
2.921003998,0.973948577,0.073078679,5.0,0
0.558228424,2.181240642,39.72744908,5.0,0
1.300090167,1.952098517,97.4510451,5.0,0
1.108405853,2.108243401,22.43631902,5.0,0
1.631642304,1.484086629,0.079153319,5.0,0
1.385733157,1.789888585,0.078436038,5.0,0
1.389002037,2.672702142,0.086283832,5.0,0
1.160711013,3.428467946,0.084587265,5.0,0
1.217761989,3.870507701,0.089766607,5.0,0
2.387492579,1.102906757,-0.024649236,5.0,0
2.776133383,0.904199975,0.055523048,5.0,0
1.718563034,1.559244247,0.034784857,5.0,0
1.81914809,1.405573143,0.035054595,5.0,0
1.237874324,0.914342278,0.200860342,5.0,0
1.225338865,1.326791031,0.076494961,5.0,0
1.153049252,1.952345768,-0.120139577,5.0,0
1.133260648,1.100620075,0.219773863,5.0,0
1.273604521,0.903220933,0.236259499,5.0,0
1.268025527,1.074329725,0.20380412,5.0,0
0.676807129,2.18686028,0.109555764,5.0,0
0.647458651,2.338367813,0.074495899,5.0,0
1.196063181,2.342471027,0.099136967,5.0,0
0.777197013,2.022879475,0.121846601,5.0,0
0.759739958,2.346124613,0.108142731,5.0,0
0.744236464,2.132777054,0.10541782,5.0,0
1.106390457,2.875316293,0.045530642,5.0,0
1.01147853,2.353190939,0.05559354,5.0,0
1.146564536,2.860910553,0.044978197,5.0,0
1.085094073,3.847922981,-0.105103982,5.0,0
2.710226102,1.004962535,0.055817904,5.0,0
3.206790949,0.8526158,0.078499699,5.0,0
2.6070671,1.117338519,-0.141242334,5.0,0
1.502872243,1.53753256,0.009009639,5.0,1
1.417790187,1.71695242,0.004988019,5.0,0
1.48719346,1.782487191,0.018202738,5.0,0
1.889736577,0.988126762,0.016035953,5.0,1
1.443519001,1.685890258,0.017455892,5.0,1
1.580867653,1.127741408,0.051501958,5.0,1
1.493296428,1.51150801,0.001049335,5.0,1
0.722608044,1.918298995,0.023450374,5.0,0
0.661795986,1.881871421,0.065911124,5.0,0
0.811400802,1.970679556,0.069101896,5.0,0
1.741330427,1.008437268,0.020123979,5.0,1
1.587039242,1.017575368,0.014437463,5.0,1
1.512593169,0.866237955,0.020483725,5.0,1
1.546750891,1.214604908,0.105881069,5.0,0
1.485426625,1.818238386,0.095751456,5.0,0
1.406050099,1.121434541,0.081226218,5.0,0
1.467377467,1.040340918,0.079413183,5.0,0
1.241936674,1.129524835,0.081730686,5.0,1
1.898727735,2.431982634,-0.090474054,5.0,1
1.714342629,3.112914131,-0.039133179,5.0,1
1.658115878,4.077128845,-0.089861751,5.0,1
1.858468677,2.55350118,0.0301324,5.0,1
2.035627255,2.090635535,0.078585845,5.0,0
4.816730893,0.860045937,0.071540573,5.0,0
4.394903516,0.822505042,0.107967117,5.0,0
2.699630515,1.392825248,0.145940268,5.0,0
2.163331465,0.990178242,0.230311589,5.0,0
4.359519847,1.025859548,0.271885184,5.0,0
3.123753496,1.00799267,0.342648423,5.0,0
2.568668669,1.269139105,0.144336221,5.0,0
5.002664691,1.179106805,0.290081697,5.0,0
1.855477855,1.952554745,0.041143424,5.0,0
1.724299065,2.418773408,0.043233895,5.0,0
1.534453303,3.35740555,0.048132712,5.0,0
1.811392845,0.376218324,0.268650828,5.0,0
2.599332738,1.081000341,0.329530463,5.0,0
2.105086439,0.324502336,0.302451407,5.0,0
3.259352451,0.408389294,0.244507326,5.0,0
1.957498813,0.455158304,0.250166366,5.0,0
2.419166535,0.489770603,0.190520019,5.0,0
1.017499489,1.570577206,0.000557339,5.0,0
1.371869549,1.039624431,0.125737181,5.0,0
1.191378131,1.139240289,0.143894128,5.0,0
1.828162636,0.678578759,0.106466446,5.0,0
1.900443479,0.608768839,0.104049024,5.0,0
1.046977061,1.435333107,0.13218771,5.0,0
2.681039071,2.019918875,0.034215901,5.0,1
2.353511426,2.18755791,-0.001176836,5.0,1
0.874417809,3.340435007,0.082315313,5.0,1
0.944402031,-2.258997598,-0.62257179,5.0,1
0.74424268,-3.294477968,-2.059511301,5.0,1
0.641698711,4.319191923,-0.012291453,5.0,1
0.592288062,3.637912728,0.05215184,5.0,1
0.679555199,3.37668675,0.167037177,5.0,1
0.559904128,2.431902735,0.177969758,5.0,1
0.940035226,5.427871687,0.826803491,5.0,1
0.97098114,1.817525172,0.317646427,5.0,1
1.1473092,3.061671545,0.178419547,5.0,1
0.983737259,1.858705679,0.242824349,5.0,1
1.484844674,1.833309716,0.142111917,5.0,0
1.149865513,2.308979284,-0.215471747,5.0,0
0.728904426,1.793373804,0.145264166,5.0,0
0.769161149,1.795720964,0.141694994,5.0,0
0.484120036,2.027986909,0.135277742,5.0,0
1.026158347,2.17704798,0.130412845,5.0,0
0.644741721,2.210554693,0.082993664,5.0,0
0.87900822,2.308831216,0.068629383,5.0,0
0.979881181,2.553942026,0.061875069,5.0,0
2.956247371,1.504895961,0.169902534,5.0,1
1.922043011,2.43954818,0.142970123,5.0,1
2.99941452,1.546349851,0.144898516,5.0,1
2.241459627,1.534824973,0.115793201,5.0,1
1.253897214,2.99253936,0.059164596,5.0,0
1.424493612,1.930098962,0.083372859,5.0,0
1.283439996,2.608674517,0.065968221,5.0,0
1.293274731,2.33183711,0.02134843,5.0,1
1.743825722,1.981592768,0.039791918,5.0,0
1.897066392,2.386078357,0.079909194,5.0,0
1.814117647,2.412367362,0.088644085,5.0,0
2.092386215,1.261528327,0.101007384,5.0,0
2.346789883,2.041515309,0.110229759,5.0,0
0.791433147,1.328649734,0.246997636,5.0,0
0.700465426,1.496934169,0.30240093,5.0,0
0.905497501,1.352412769,0.261002143,5.0,0
0.71814543,1.434916388,0.280548727,5.0,0
1.07755102,1.436891386,0.272153301,5.0,0
0.848388561,1.419586132,0.27016129,5.0,0
2.248197734,0.998673116,0.314976117,5.0,0
2.153952843,1.584792729,-0.827492616,5.0,0
1.30337333,1.039595849,-0.037376685,5.0,0
2.472858866,2.051039329,-0.283914445,5.0,0
1.125127914,0.595653226,-0.242172551,5.0,0
1.162702589,0.935618989,-0.172232477,5.0,1
4.708961979,0.911832154,0.035544797,5.0,0
2.580782055,0.819473187,0.033313727,5.0,0
3.946391395,0.729895698,0.042927213,5.0,0
3.93877551,0.646161196,0.047795032,5.0,0
4.776595745,0.894647189,0.034866324,5.0,0
3.270071257,0.988457015,0.025615359,5.0,0
3.070817857,1.009133133,0.033828061,5.0,0
4.154268095,0.921347365,0.021756372,5.0,0
2.789442877,0.851982923,0.025972099,5.0,0
2.799630977,0.949240691,0.038863611,5.0,0
0.408697745,3.093208436,0.245442237,5.0,0
0.49850636,10.11304331,0.2290239,5.0,0
1.101271166,3.573596256,0.218323836,5.0,0
3.774606299,2.234967623,0.061606934,5.0,0
3.98,0.219341974,0.23630137,5.0,0
3.35924933,1.230589733,0.199882767,5.0,0
4.887283237,0.183133526,0.238155668,5.0,0
1.245439469,-4.187763713,-0.013220205,5.0,1
1.364726027,-3.457286432,-0.017060637,5.0,1
1.280977312,-4.997361478,-0.000827815,5.0,1
0.938683948,7.032146958,0.081055459,5.0,0
0.917390501,1.663526949,0.03221378,5.0,0
0.915951973,1.764014157,0.035972649,5.0,0
0.964531146,1.822201835,0.028183807,5.0,0
0.871441151,1.828067504,0.03900311,5.0,0
0.878864353,1.736505594,0.031842444,5.0,0
0.993054216,1.898146753,0.028944096,5.0,0
1.039383155,2.155918931,0.019503341,5.0,0
6.377129477,0.605249902,0.063222419,5.0,1
1.726270461,0.539622437,0.09426518,5.0,1
2.204231342,0.461185427,0.076858923,5.0,0
1.976983563,1.381161321,0.030108751,5.0,1
2.17669298,1.647588057,0.016230488,5.0,1
1.19248351,1.842250775,0.087547512,5.0,1
1.312543442,2.442627056,0.176787656,5.0,1
1.909750077,2.431255008,0.075305704,5.0,1
1.326930715,2.895014122,0.150616284,5.0,1
1.147888319,1.714135966,0.079257311,5.0,1
1.14121276,0.799924374,0.15366808,5.0,0
1.069928978,0.828491662,0.13439614,5.0,0
1.138070814,0.873906647,0.117550681,5.0,0
1.025958124,0.887748456,0.159763652,5.0,0
1.111363636,0.795970042,0.104116859,5.0,0
1.205485304,0.728411367,0.136231434,5.0,0
1.007362546,1.033398821,0.168805723,5.0,0
0.828082232,1.524096919,0.069963883,5.0,0
2.010276208,1.141661479,0.097445231,5.0,0
2.76405317,1.03217566,0.107747337,5.0,1
2.179852767,1.227432813,0.093700693,5.0,1
1.606365576,1.104333948,0.05536345,5.0,0
1.660757198,1.422943376,0.066486573,5.0,1
1.326210305,1.290561251,0.035675545,5.0,0
1.475919623,1.582183639,0.02160448,5.0,0
1.591366322,1.144671596,0.042206156,5.0,0
1.604470951,1.239371266,0.052408103,5.0,0
1.673676577,-5.308988025,0.048840357,5.0,1
1.411237928,-4.486215236,0.040904311,5.0,1
1.629562044,-4.952242209,0.046773268,5.0,1
1.257777058,-3.9063147,0.043634288,5.0,1
1.732528442,4.950051099,-0.770674561,5.0,1
1.748839907,2.215125499,-0.061013154,5.0,0
3.417346939,1.050249329,0.218390805,5.0,0
3.080167514,1.020178989,0.168850639,5.0,0
1.770271347,2.855153374,0.0439903,5.0,1
2.53535261,2.872068736,0.059608998,5.0,1
2.591792009,2.381479974,0.07742802,5.0,1
1.943416278,1.499587601,0.015013972,5.0,1
4.123646564,0.943317497,-0.047169992,5.0,1
4.162632905,0.867572548,0.092065663,5.0,1
4.217835569,0.807184422,0.047178378,5.0,1
3.40409097,0.98835648,0.131777569,5.0,1
4.345932504,0.858082285,0.055037068,5.0,1
4.410675515,0.728542853,0.051868869,5.0,1
2.574649085,0.629671067,0.12255489,5.0,0
4.891564735,1.328218617,0.131428762,5.0,1
5.948952719,1.62707505,0.10653093,5.0,1
6.376234055,0.0,0.134697438,5.0,1
2.143666323,0.790157846,0.090251724,5.0,1
2.583476162,0.772393739,0.085286702,5.0,0
2.476390002,0.697445861,0.105968152,5.0,0
1.913495059,1.057698745,0.093885952,5.0,0
2.404558082,0.971148092,0.089367313,5.0,1
2.216902205,1.130110313,-0.023455311,5.0,1
2.408586948,1.204067845,0.033485137,5.0,1
2.136773684,0.942325003,0.037126177,5.0,1
2.09159056,1.269058842,-0.006411156,5.0,1
2.06939002,0.843171619,0.047238336,5.0,1
1.969650986,2.269309838,0.054226853,5.0,1
2.034955897,-19.04038772,0.043006675,5.0,1
1.891035722,2.392994447,0.043680245,5.0,1
1.839572193,2.360977288,0.056872352,5.0,1
1.650344488,1.913080288,0.061331963,5.0,1
2.036096879,2.923185232,0.065624111,5.0,1
1.240304649,6.747510868,0.161363331,5.0,0
1.18623342,3.922849952,0.14852308,5.0,0
1.248030303,8.903269296,0.129557186,5.0,0
1.278826518,4.538039663,0.165241451,5.0,0
1.13313467,5.320943796,0.15887931,5.0,0
1.209030696,4.781755884,0.148293988,5.0,0
1.333305366,1.351284669,-0.039803831,5.0,1
1.348325738,1.187616733,-0.032036757,5.0,1
1.046963389,7.646801035,0.015647765,5.0,0
1.028156954,36.60596342,0.064029879,5.0,0
1.108770624,1.433739684,0.228457737,5.0,0
1.080112848,1.078397447,0.216143768,5.0,0
1.037447487,-16.48077627,-0.068578693,5.0,1
0.901525865,20.65809005,0.619651688,5.0,1
0.541081769,1.560340599,-0.622402563,5.0,1
0.949510616,1.849883345,0.264064208,5.0,1
1.715524337,2.034787284,-0.287553028,5.0,1
0.628873632,1.968985469,-0.036043404,5.0,1
1.013095907,1.928244652,0.074534289,5.0,1
0.915775842,1.596811899,0.134356378,5.0,1
0.585939382,1.297945577,0.315027239,5.0,1
2.204067603,0.820926631,0.036538582,5.0,1
0.832680654,1.234507994,0.202310248,5.0,1
0.620038752,1.478058656,0.237216001,5.0,1
0.725576418,0.58990084,-0.89446895,5.0,0
1.221731449,1.266464032,0.118807725,5.0,0
1.279624893,1.126814688,0.094621647,5.0,0
0.897576736,1.521988035,0.062654634,5.0,0
0.937975424,1.296442688,0.074781439,5.0,0
3.689232102,1.477521881,-0.001166522,5.0,1
3.879605772,1.369862788,0.005487557,5.0,1
3.695902863,1.245765764,0.019367713,5.0,1
3.139597043,1.392864336,0.017390455,5.0,1
0.465513043,1.173228151,0.766684033,5.0,0
0.008641875,1.211701442,0.316987648,5.0,0
0.12036036,1.213503534,0.24144124,5.0,0
20.25,1.34127294,-0.148837209,5.0,1
46.64864865,5.738490034,1.880952381,5.0,1
51.17511429,1.518991688,0.498475252,5.0,1
3.225442421,6.027078016,0.240418118,5.0,1
87.58035714,6.308301527,0.096885813,5.0,1
0.936996337,-49.40697674,0.106480596,5.0,0
0.667637069,-33.25925926,0.098939283,5.0,0
6.147502356,-4.274928716,0.320469597,5.0,1
2.22250743,-23.30427524,9.426684613,5.0,1
4.819503467,-3.277646425,0.678217055,5.0,1
0.608254249,2.355226766,0.119375461,5.0,0
0.858730551,2.514671242,0.117392472,5.0,0
0.705504779,2.38648138,0.114807129,5.0,0
1.013450292,2.215366744,0.087823643,5.0,0
0.754819277,2.462920766,0.11496988,5.0,0
2.978426642,2.625819261,0.112056784,5.0,1
0.854982503,80.10553601,0.060921914,5.0,1
3.803877315,1.823134703,0.078931895,5.0,1
3.162613203,2.956926719,0.597657157,5.0,1
2.732216314,-834.0142602,-0.042181938,5.0,1
3.578972478,2.157640504,0.100832632,5.0,1
1.095441512,2.329526698,0.094332132,5.0,0
1.310217317,4.772870401,0.086462827,5.0,0
1.244632547,2.174157073,0.101483099,5.0,0
1.142107009,3.011207191,0.097671071,5.0,0
1.105524792,2.203732431,0.109270722,5.0,0
0.960724909,2.520189335,0.096881391,5.0,0
1.777198728,0.965679388,0.05633888,5.0,0
1.506769314,1.075298356,0.051777893,5.0,0
1.734196443,2.354487963,2.017016834,5.0,1
0.676721511,5.838948233,0.056880278,5.0,0
0.702576112,4.023529412,0.098935656,5.0,0
0.74554526,4.861594203,0.085498639,5.0,0
0.986928105,5.306985294,0.10428812,5.0,0
0.855555556,6.271714922,0.100428182,5.0,0
0.574881222,3.30016361,0.034509368,5.0,1
0.927817529,6.564807018,0.072073013,5.0,0
0.842534249,8.015943565,0.072279046,5.0,0
0.949062121,5.168685797,0.067955706,5.0,0
0.971911906,3.876138434,-0.033089632,5.0,1
1.667893284,2.850654159,-0.019374558,5.0,1
1.286431152,11.46090535,-0.091292993,5.0,1
1.940649273,1.529262326,0.00064559,5.0,1
1.75420595,1.532100163,0.044175337,5.0,1
0.778781066,2.02069961,0.221182583,5.0,0
0.711881017,2.048620287,0.203544097,5.0,0
0.890914468,2.195572405,-0.131957449,5.0,1
0.840938301,1.889026105,0.287416619,5.0,1
0.84221277,1.446177548,0.260076895,5.0,1
0.99974792,12.875,-0.022767769,5.0,0
1.133425034,41.18041237,0.217579522,5.0,0
1.063266976,8.194263364,0.098202247,5.0,0
1.23777403,3.658724058,0.28225641,5.0,0
1.405974722,12.33692308,0.372019078,5.0,0
0.682634731,0.663985823,0.136720209,5.0,0
2.828767123,0.957166392,-0.0030012,5.0,1
0.250673854,0.631112382,0.140331492,5.0,0
0.155801825,0.66817667,0.103582699,5.0,0
0.435736677,0.903882784,0.011539917,5.0,0
0.742241379,0.772827892,0.061362756,5.0,0
2.720466133,1.76152295,-0.101596946,5.0,1
2.981550244,1.442895811,0.04134671,5.0,0
2.585790186,1.533328202,-0.000615618,5.0,1
2.436663914,1.383560224,0.038085817,5.0,0
1.955149085,1.484885372,0.123247157,5.0,1
2.061104294,1.545454545,0.071013917,5.0,0
1.684586564,2.853894493,-0.000490471,5.0,1
2.160709558,1.662686273,0.047162235,5.0,0
1.726036866,1.782151442,0.068476221,5.0,1
1.152830377,6.328429,0.054842474,5.0,0
1.250956306,4.975391682,0.051443071,5.0,0
1.019798282,6.813473987,0.035125672,5.0,1
1.27928816,5.517043087,0.048039111,5.0,1
1.2303806,3.708296943,0.029025494,5.0,0
1.646936656,1.011171733,0.069226704,5.0,0
1.376902417,0.973789783,0.061682243,5.0,0
1.838250254,1.04631636,0.042835481,5.0,0
1.801762115,1.033774655,0.051733833,5.0,1
1.862903226,1.016082257,0.038526912,5.0,0
1.779249448,1.139061617,-0.003673627,5.0,0
1.85112876,1.298582859,0.056861767,5.0,1
2.513875518,1.510579012,0.09453696,5.0,1
2.530765888,1.887157071,0.036977554,5.0,1
2.305618781,1.146073728,0.133419112,5.0,1
1.202854996,1.091663008,-0.001923632,5.0,0
1.22185129,3.18953043,-1.09958159,5.0,0
1.212088152,0.710226978,0.457746479,5.0,0
1.094860994,1.350944798,0.08213227,5.0,0
1.380973583,0.918665422,0.410686223,5.0,0
1.494419457,1.036187612,-0.021679646,5.0,0
2.02224592,0.845796213,0.058255595,5.0,1
1.901256443,0.805120003,-0.027719617,5.0,1
2.677860853,0.7217012,-0.030417615,5.0,1
2.525379464,0.744326418,0.008349159,5.0,1
1.38432233,0.915157703,0.116436984,5.0,0
1.222438222,1.085453156,0.112163698,5.0,0
3.16081254,0.890318638,0.097270498,5.0,0
1.442928193,1.131336673,0.11063746,5.0,0
2.309654612,0.774661002,0.094157427,5.0,0
1.548906235,0.784381006,0.113415601,5.0,0
2.510763209,0.94491766,0.114608212,5.0,0
2.586058161,0.952214875,0.128718309,5.0,0
2.621959575,1.399176955,0.096804709,5.0,0
1.723967961,1.942977528,0.087547068,5.0,0
1.369926199,1.998893805,0.082841662,5.0,0
1.121784777,2.496020109,0.0801237,5.0,0
1.330080611,2.48831973,0.080518509,5.0,0
1.086754406,1.418377436,0.121867289,5.0,0
1.46969697,0.99920029,0.202690249,5.0,0
1.527850685,1.44102448,0.120669182,5.0,0
3.077273916,0.633347727,0.176169393,5.0,0
3.9094049,0.680543891,0.125401427,5.0,1
3.243224662,0.885865346,-0.541792062,5.0,1
1.028272178,3.481454586,0.016909603,5.0,1
1.065394045,3.373305905,0.01669073,5.0,1
1.045370721,4.060882974,0.017044014,5.0,1
1.029524911,3.124312326,0.014095017,5.0,1
1.895531163,1.169720498,0.022527244,5.0,1
2.688615913,0.895418962,-0.0068067,5.0,1
2.272721861,0.85325761,0.016005154,5.0,1
2.688078458,1.102528478,-0.094913854,5.0,1
0.526395374,2.244849811,0.199555126,5.0,0
0.524328345,1.912633889,0.210568869,5.0,0
0.692985182,1.786884232,0.221721983,5.0,0
0.608147374,1.608904199,0.210656052,5.0,1
0.749230676,1.858780867,0.266666225,5.0,1
0.472295935,3.388786688,0.121056262,5.0,0
0.576311245,3.003283219,0.128957412,5.0,0
1.292284368,1.301882716,0.023665271,5.0,1
1.198565456,1.607365881,0.020825282,5.0,1
0.978578805,0.416928892,0.027612447,5.0,1
1.013834829,0.42630019,0.188080368,5.0,1
1.507865997,1.183650039,0.016587214,5.0,1
2.066528877,2.041582618,0.089395189,5.0,0
1.930977971,2.123991981,0.068401873,5.0,0
1.961230955,2.053189599,0.088634347,5.0,0
1.841153861,2.201234062,0.063728967,5.0,0
2.034819905,2.185927586,0.065194569,5.0,0
2.232647059,1.656706111,0.04445783,5.0,0
1.827580441,1.309382697,0.076706152,5.0,0
1.549133875,1.111643313,0.029644345,5.0,0
1.56976055,1.206296784,0.038233018,5.0,0
1.392598713,1.128148453,0.053193393,5.0,0
3.068332206,0.863781232,0.064630421,5.0,0
3.180824711,1.097237352,0.008799914,5.0,1
2.036985647,0.930209,0.068440693,5.0,1
2.256982523,1.160719233,-0.020485645,5.0,1
2.204920324,1.150026082,0.197825554,5.0,0
1.607798165,1.202983294,0.096084337,5.0,0
1.907941325,1.237370934,0.128018976,5.0,0
3.248051613,0.876377699,0.249598428,5.0,0
3.900101674,0.789085449,0.324195719,5.0,0
4.209797187,0.708255054,0.465850679,5.0,0
0.776133057,-3.439096694,0.351701833,5.0,1
2.364635161,-222.2244986,0.366340351,5.0,1
0.888631698,-7.281942497,0.56414603,5.0,1
1.309348095,-3.202572383,0.354208083,5.0,1
1725.505005,2.840600676,2.193553734,5.0,1
32.26386237,3.791984911,-0.124611813,5.0,1
124.2562559,6.402675571,0.236434402,5.0,1
944.4150175,2.442712409,0.024533431,5.0,1
122.5231946,6.558591709,-3.737328019,5.0,1
155.9401587,7.2593598,-0.275833985,5.0,1
1.520578778,1.546654349,0.156423558,5.0,0
1.726509869,1.272353892,0.126204421,5.0,0
1.299114382,1.225431095,0.094504831,5.0,0
1.968894602,1.066307345,0.174590473,5.0,0
1.150018118,1.635028995,0.111230918,5.0,0
1.643396373,164.79,0.014421991,5.0,1
1.443446222,17.95457355,-0.019038817,5.0,1
0.851962884,1.784853504,0.058656533,5.0,0
0.698288989,2.077186989,0.062577951,5.0,0
1.165232054,2.229051694,0.04775034,5.0,0
0.546391092,1.846173012,0.076065827,5.0,0
0.648896434,2.177152587,0.063026922,5.0,0
0.810085738,2.54191406,0.101867155,5.0,0
1.066353301,1.933705129,0.12085187,5.0,0
0.785131713,3.403938988,0.102480816,5.0,0
0.774155948,3.395801229,0.069272786,5.0,0
0.960501665,2.285235997,0.09408749,5.0,0
0.812047829,2.395881418,0.104376593,5.0,0
0.853967361,-5.114007448,0.007598887,5.0,1
0.987416437,-4.11408305,-0.043519771,5.0,1
0.773148148,-5.877263581,0.302877205,5.0,1
0.821376281,-3.806013878,0.059145674,5.0,1
0.987118935,-13.66228431,0.086102209,5.0,1
0.900673401,-4.795721477,0.012718818,5.0,1
1.672654982,2.66569973,-0.083588475,5.0,1
1.312965425,6.627230548,0.003591219,5.0,1
1.482140392,1.838266409,-0.003484985,5.0,0
1.205569701,6.209281811,-0.012001522,5.0,1
1.382330014,3.331321775,-0.078694779,5.0,1
1.349888072,15.42128327,-0.0590309,5.0,1
1.258743423,1.388387603,0.05034282,5.0,0
1.050082858,1.622646986,-0.023039762,5.0,0
1.210143043,2.048997773,0.055645324,5.0,0
1.368769807,1.541209382,0.177756286,5.0,0
1.399418792,1.475971165,0.045371527,5.0,0
1.086657394,5.00725567,0.000352127,5.0,1
0.957697522,3.033074137,-0.006695637,5.0,1
1.089048385,3.97694011,-0.004486504,5.0,1
1.127766276,3.617250111,-0.013223748,5.0,1
0.998849467,1.76206896,0.031659681,5.0,1
1.011067183,2.13805744,0.013356771,5.0,0
0.656073592,0.0,-0.016827178,5.0,1
0.824984411,2.926574804,-0.012070451,5.0,1
4.137815928,0.321187968,0.355513308,5.0,0
2.938521677,0.519427294,0.146965207,5.0,0
5.092210767,0.345714016,0.250799335,5.0,0
4.956543967,0.36716932,0.215676485,5.0,0
4.405335628,0.393160017,0.254451879,5.0,0
0.86430876,2.412685143,0.039090134,5.0,0
0.884231303,3.035232643,0.046389832,5.0,0
0.912509184,1.963245212,0.090106062,5.0,0
1.948091245,2.175936835,-0.02461358,5.0,0
0.697143015,2.136089946,0.09392352,5.0,0
0.762020808,2.009644261,0.074022447,5.0,0
1.075992305,1.984161322,-0.005902746,5.0,1
1.52280874,2.127418527,0.063639958,5.0,1
2.131133202,1.975812322,-0.012286496,5.0,0
1.734364604,2.492464254,0.020649198,5.0,0
2.058794548,2.014025389,0.064647857,5.0,0
1.928929934,2.685174666,0.042811464,5.0,0
3.029276324,1.751813978,0.011222027,5.0,0
2.865715539,1.735316801,0.01641359,5.0,1
3.737115857,1.556321592,0.023650583,5.0,1
2.485569294,1.761019217,0.026503876,5.0,1
1.506028878,1.818119265,0.045030152,5.0,0
1.589522904,1.326068238,0.045195718,5.0,0
1.417187344,1.657275391,0.050386263,5.0,0
1.56941743,1.823476496,0.047286959,5.0,0
1.011380058,2.395728114,0.096213496,5.0,0
0.710382514,2.5552158,0.009330156,5.0,0
0.752651544,3.430769852,0.016988339,5.0,0
1.67830824,2.479586495,0.066184542,5.0,0
1.241386104,5.673335945,0.092937715,5.0,0
2.103174443,1.614264291,-0.096350863,5.0,1
1.335468315,1.868893585,-0.269844687,5.0,1
2.484829123,1.34155769,0.281909049,5.0,1
1.472101523,1.641131294,0.059201718,5.0,1
2.270099555,1.623614636,-0.209677264,5.0,1
1.735911668,2.226558939,0.21437438,5.0,1
1.478301809,2.079868178,0.001563023,5.0,1
1.456735461,2.356537671,-0.015933848,5.0,1
1.043557169,8.069180238,-0.251401466,5.0,1
1.886397608,1.951757898,-0.320403985,5.0,1
1.646762134,1.240062804,0.039830601,5.0,1
2.043594983,4.487926617,-0.443655797,5.0,1
1.776083467,2.269929888,0.086455052,5.0,0
1.411348873,5.573096165,0.113165611,5.0,0
1.626781571,1.056442476,0.118783162,5.0,0
2.285876026,1.59056272,0.203396852,5.0,0
2.837837838,2.008607498,0.141663558,5.0,0
3.002640513,0.826773888,0.160120509,5.0,0
7.230470567,2.183660129,0.108523993,5.0,0
8.452523486,2.229029457,0.084458514,5.0,0
8.847564939,2.404297784,0.054003308,5.0,0
1.303345589,2.121427113,0.085389957,5.0,1
2.837110406,0.895762626,0.063359067,5.0,1
3.087024575,1.048583118,0.056604655,5.0,1
3.112773116,0.813294905,0.058841178,5.0,1
2.891011408,0.946191347,0.064303631,5.0,1
0.76506321,1.273165087,-1.298728749,5.0,1
0.90983862,1.103988741,0.147788705,5.0,1
0.904020123,1.485500705,-0.086807805,5.0,1
0.886603253,0.953250393,0.252335482,5.0,1
1.717877955,1.955701106,0.084577354,5.0,0
1.867402055,2.25621938,0.065870837,5.0,0
1.936300284,2.495200681,0.010336361,5.0,0
2.101082402,1.932771634,0.083524904,5.0,0
1.227443305,0.697017087,0.170769189,5.0,1
1.619958821,1.755825607,0.042849788,5.0,1
0.740445039,1.526798278,0.136911823,5.0,1
2.267644363,4.942307692,0.026237624,5.0,0
2.496056782,2.918258212,0.036046683,5.0,0
2.34258525,3.564814815,0.048209158,5.0,0
0.751027222,1.953210333,0.337489794,5.0,0
0.621569666,1.793996585,0.315023772,5.0,0
0.475203065,1.988306584,0.367525371,5.0,0
1.398244664,1.529921998,0.200058172,5.0,0
0.769001113,2.236966118,0.36178307,5.0,0
1.968108534,1.764105991,0.236503577,5.0,0
1.783602465,1.916184712,0.252705587,5.0,0
1.418667568,1.424406048,0.037878016,5.0,0
1.154368359,1.365089514,0.094164118,5.0,0
1.40030581,1.475567369,0.059078494,5.0,0
3.483853606,1.08143007,0.053603955,5.0,1
2.554099588,1.179292494,-0.049518444,5.0,0
1.484519714,1.536094913,0.035482661,5.0,0
1.133067729,1.363311495,0.085515386,5.0,0
0.58975165,1.441542435,0.06323185,5.0,1
0.367189225,6.669376694,0.074782828,5.0,1
3.006828499,1.320936127,-0.020318877,5.0,1
3.09080012,1.515985515,0.035155937,5.0,1
3.058996184,1.682913765,0.048205425,5.0,0
3.366146417,3.06984209,0.049173654,5.0,1
2.181598258,0.750519751,0.024760563,5.0,1
0.719804545,1.854313156,0.008919506,5.0,1
0.401169567,1.086071991,-0.474015377,5.0,1
1.248362334,1.500321054,-0.446592385,5.0,1
0.501050325,2.023081842,0.062125313,5.0,1
0.755089611,1.529850938,0.233942977,5.0,1
4.889064058,3.731361923,0.091021259,5.0,0
4.528677795,3.612217115,0.076571805,5.0,0
4.632152864,3.723870636,0.069894818,5.0,0
4.18927273,3.680650325,0.087677044,5.0,0
1.865714286,2.788934426,0.05330964,5.0,0
0.694482461,6.210255639,0.063284465,5.0,1
0.612755686,8.125863544,0.056270151,5.0,1
0.71893161,7.711490832,0.057604646,5.0,1
0.850845937,5.700561887,0.062564982,5.0,0
0.593783934,8.891928029,0.078279388,5.0,0
0.928210188,1.337815546,-2.149242968,5.0,1
1.733519175,2.230293183,-0.04884227,5.0,1
1.506461753,1.579464908,0.299446054,5.0,1
2.697991073,1.619537471,0.02680373,5.0,1
2.642699768,1.630695991,0.080911308,5.0,1
1.82747181,1.692894328,0.097995426,5.0,0
1.898369766,1.572022022,0.106362491,5.0,0
1.935195248,2.062658531,0.058686086,5.0,0
1.949775041,1.913167746,0.033192691,5.0,0
1.722729116,1.545185505,0.094360558,5.0,0
1.787605564,1.036561602,0.095025033,5.0,1
1.728700426,1.634126905,0.02372836,5.0,0
1.762078388,1.215565292,0.024412161,5.0,0
1.798178549,1.546086923,0.022773043,5.0,0
1.531367973,1.43563985,0.025393177,5.0,0
1.708300306,1.807973806,0.197864952,5.0,1
1.493337738,79.71197411,0.019183565,5.0,1
2.185772492,1.46039179,0.058796308,5.0,0
2.186201533,1.675544174,0.064006044,5.0,0
1.749922272,1.280883272,0.061490476,5.0,0
0.951470141,6.02970137,0.096777753,5.0,0
0.833485729,4.35509726,0.069443207,5.0,0
1.436660073,3.586297165,0.099474102,5.0,0
1.766544841,2.338344028,0.114814012,5.0,0
2.977089694,2.28944188,0.049929127,5.0,1
2.691778384,3.042224469,0.032253229,5.0,1
2.120707564,2.183532875,0.105658651,5.0,1
2.593383239,1.606840451,0.054315153,5.0,1
1.535082465,3.023595466,0.028669396,5.0,1
5.012957448,1.791715973,0.137835289,5.0,1
5.232965514,1.885773635,0.018457547,5.0,1
3.844668093,2.066131604,0.138627029,5.0,1
8.120634776,0.628238657,-0.073363413,5.0,1
2.628688952,2.6955738,-0.054226106,5.0,1
2.772055605,1.924220178,-0.042447826,5.0,1
2.607226098,1.648204292,0.01627153,5.0,1
1.983687695,3.297622775,-0.026856642,5.0,1
9.278673835,-1.0,0.183132072,5.0,0
2.438388626,1.01077105,0.142561342,5.0,0
2.794775079,3.340723429,0.004770474,5.0,1
2.269393794,-22.80497599,-0.041022383,5.0,1
1.110450007,1.660875627,0.084226743,5.0,0
1.346748072,1.673706139,0.073022772,5.0,0
0.933485853,1.69782486,0.073982473,5.0,0
1.417301451,1.656127284,0.093485798,5.0,0
0.549188641,2.154826334,0.09651945,5.0,0
0.703942381,1.867510121,0.119135711,5.0,0
2.184678523,0.810946463,-0.056580311,5.0,0
1.462047761,1.099579798,0.299466551,5.0,0
1.375345757,1.735119341,0.026573857,5.0,1
1.359239982,2.092537515,0.037930198,5.0,0
1.376862173,2.213021794,0.040935897,5.0,0
1.350763934,2.238453487,0.05254451,5.0,0
1.554267994,1.87756526,0.038194469,5.0,1
1.514967826,1.349832239,0.088062058,5.0,1
0.931847685,1.74172841,0.015020773,5.0,0
1.414686659,0.81648695,0.080806025,5.0,0
1.269009932,1.218464512,0.096618595,5.0,0
1.174112871,4.922138819,-0.376996435,5.0,1
1.899201761,2.915862057,-0.113410951,5.0,1
2.382078196,2.354740714,-0.447696238,5.0,1
1.786206666,0.646153846,0.120298223,5.0,1
2.449193185,3.551606409,-0.251692643,5.0,1
2.810071942,0.73147257,-0.058877857,5.0,1
3.524045612,1.690409179,-0.128706999,5.0,1
3.725094578,1.102803738,0.060052061,5.0,1
0.890760281,1.957118258,0.136936146,5.0,0
0.900608123,1.488637792,0.125891959,5.0,0
1.954678363,-27.19897959,0.012265978,5.0,1
0.577683616,2.372442455,0.539162113,5.0,1
6.04748896,0.629990693,-0.178377983,5.0,1
2.446114889,0.553355128,-0.19305536,5.0,1
2.918106687,0.705678537,0.216251437,5.0,0
2.919184565,0.752382715,0.177140516,5.0,0
2.768688845,0.631811784,0.229692308,5.0,0
2.7916498,1.950882445,0.062362018,5.0,1
3.082265019,1.487802885,0.071568478,5.0,0
1.501109383,1.032236585,0.005151238,5.0,1
1.347422546,1.987135399,0.051875137,5.0,0
0.620871398,2.36184545,0.069267355,5.0,0
0.772738886,2.363829223,0.05199115,5.0,0
1.675127421,2.318726709,0.039680098,5.0,1
1.275248344,2.177108434,0.044560332,5.0,0
1.194715944,5.315286624,-0.048100971,5.0,0
1.37592397,2.246713241,0.084281206,5.0,0
3.028133094,0.324785627,0.115514523,5.0,0
2.10948736,1.719603947,0.131084542,5.0,0
1.074408738,1.894333022,0.131876566,5.0,0
1.047961214,2.27191921,-0.024487766,5.0,1
1.082637081,2.171585634,0.050663524,5.0,1
1.489766082,-8.908039718,-0.344427959,5.0,1
0.882851446,11.3556231,1.272024065,5.0,1
0.200929978,-5.709825896,-0.326796618,5.0,1
1.349766256,-69.00607238,-1.805522064,5.0,1
0.546632124,7.86388584,0.098664632,5.0,0
0.947346939,3.845858475,0.104466973,5.0,0
0.954944293,1.78472856,0.061308559,5.0,0
1.448921536,1.82030065,0.060789163,5.0,0
1.614086327,1.796601997,0.069046452,5.0,0
0.879786823,2.993795982,0.393592228,5.0,1
1.277468013,4.474685121,0.077521088,5.0,1
1.180193472,1.973256739,0.029814544,5.0,1
1.147159881,2.108415579,0.415134786,5.0,0
1.036228426,2.148089291,0.105833408,5.0,0
1.132566332,1.954473217,0.091721521,5.0,1
2.937881507,2.842028298,0.054513753,5.0,1
1.336710571,0.823840855,0.035282551,5.0,0
1.376278808,0.810851655,0.025290606,5.0,0
1.233662004,0.834941873,0.029693019,5.0,0
1.187231986,1.2287677,0.04079502,5.0,0
3.346988438,1.612500966,0.015318123,5.0,0
3.582172829,1.535004377,0.068697168,5.0,0
3.070411939,1.010594946,0.085782347,5.0,0
3.457385806,0.902754402,0.077263189,5.0,0
3.506777203,1.271253993,0.058907325,5.0,0
0.928171115,5.283249033,0.003020028,5.0,1
1.01816296,6.169795222,0.006065784,5.0,1
0.524030864,-3.366404387,-0.000275179,5.0,1
1.961487162,1.385307804,0.155746205,5.0,0
1.543411071,1.794499488,0.159641937,5.0,0
1.698186183,0.91692378,0.150918338,5.0,0
2.249586473,1.050324254,0.144642194,5.0,0
4.280443415,0.83824076,-0.359980383,5.0,1
3.266030208,0.977605225,-0.325765022,5.0,1
3.374666854,0.697838377,-0.990051594,5.0,0
4.442744755,0.698753868,0.067072625,5.0,1
4.708243728,1.137975822,-0.133613383,5.0,1
2.611466195,0.484693631,0.060127034,5.0,0
2.567806411,0.597688684,0.060062021,5.0,0
2.233988553,0.513063285,0.064690902,5.0,0
1.699332386,0.53564956,0.074060681,5.0,0
2.951397685,0.618740501,0.060754471,5.0,0
2.223902292,0.671132366,0.014232309,5.0,0
1.682593262,0.596732602,0.05590765,5.0,0
2.326943726,0.676229328,0.036499085,5.0,0
1.772162761,0.982052494,0.066284215,5.0,1
2.701974198,0.706439038,0.085968629,5.0,0
2.631954093,1.015566517,-0.024720996,5.0,0
1.660098522,2.150289017,-0.037110669,5.0,1
3.492708794,1.70453163,0.200768156,5.0,0
1.842155234,0.754472026,0.177977192,5.0,0
1.513376305,1.267256104,0.002569545,5.0,0
1.370101555,14.42908235,0.044090832,5.0,1
1.576716101,2.333174979,0.015147472,5.0,1
1.051136364,0.615959616,0.08996139,5.0,0
0.774509804,0.696461422,0.221906117,5.0,0
0.966202783,1.650589262,0.221229254,5.0,0
0.190268064,1.033528653,0.462052601,5.0,0
0.707473471,1.225636934,0.45612904,5.0,0
0.426563283,1.018970607,0.37775416,5.0,1
0.565002853,0.938969103,0.52534221,5.0,1
0.298098385,0.922031533,0.466517422,5.0,0
0.073866243,0.859798551,0.381980979,5.0,1
2.523128618,1.118519926,0.117041805,5.0,0
2.48364361,1.063976163,0.010823194,5.0,0
2.463638637,1.172333021,0.075425908,5.0,0
0.809041309,1.77699461,0.210540219,5.0,1
1.452306733,1.134172598,-0.240657216,5.0,1
1.283474443,1.254338937,0.246199208,5.0,1
1.488325402,1.278801561,0.757874396,5.0,1
1.243395493,1.068518571,-12.30237154,5.0,1
0.85273658,1.788885487,0.198576072,5.0,1
2.264455569,1.337977227,0.065750593,5.0,0
2.221720516,2.548213717,0.08263531,5.0,0
1.439040984,1.536491781,0.083143305,5.0,0
3.528735632,0.433092949,0.072717103,5.0,1
3.722857143,0.478652566,0.072989746,5.0,1
3.955010225,0.430123457,0.033471975,5.0,1
3.715408805,0.416491376,0.064218699,5.0,1
3.79379562,0.44549763,0.049439801,5.0,1
3.75399361,0.397035256,0.06594927,5.0,1
0.985746206,1.435766265,-0.055770489,5.0,1
0.876094163,2.17171865,0.388708163,5.0,1
0.95966708,2.494069552,0.210214383,5.0,1
3.415633352,1.72355488,0.240268505,5.0,1
1.634315425,3.052173913,0.036293436,5.0,1
1.762411348,2.838196286,0.027420529,5.0,1
1.38372093,4.584210526,0.027114716,5.0,1
2.508915037,1.011506877,0.056012987,5.0,0
3.581212222,1.016329132,0.080669927,5.0,0
0.586287684,2.895908609,0.05456947,5.0,1
1.17288531,1.084924304,-0.041477953,5.0,1
1.310231115,1.503032947,-0.055738797,5.0,1
0.882485239,2.526522406,0.083661517,5.0,1
0.909251893,2.467241588,0.052098161,5.0,1
1.140851417,1.591143769,0.0716322,5.0,1
1.19253123,1.875749373,0.080960147,5.0,1
1.277079961,0.77108678,0.103845626,5.0,0
1.601517322,0.875403519,0.068170524,5.0,0
0.997221257,1.048209654,0.076230837,5.0,0
0.700405121,2.651065473,-0.038883463,5.0,1
0.59268486,3.086629403,-0.092221962,5.0,1
1.287671233,4.848484848,-0.038332401,5.0,1
1.749286235,4.355138147,0.019411914,5.0,1
1.490502793,4.643896976,-0.043287671,5.0,1
1.472423803,1.403832605,0.142670797,5.0,0
2.217429153,-2556.419643,0.010851837,5.0,1
2.876627725,6.517100049,0.009086113,5.0,1
3.147956715,5.632848565,0.058370516,5.0,1
2.804202213,6.218418241,-0.016643975,5.0,1
2.684100546,5.623373275,0.00855404,5.0,1
2.226807699,1.737773068,0.091133005,5.0,0
2.454409118,1.677806985,-0.113703948,5.0,1
1.734511025,1.746976965,0.080063853,5.0,0
2.063831623,2.171084567,0.056224035,5.0,0
0.927501646,2.156943894,0.162453868,5.0,0
3.870262391,3.519414576,-0.075169607,5.0,0
0.516718019,3.897142857,0.111193003,5.0,0
0.608534761,-32.15974212,0.024320091,5.0,1
6.048617731,0.709140542,-0.657162534,5.0,1
2.066278549,0.475946372,0.257220865,5.0,1
5.180688876,0.600485709,0.251484898,5.0,1
7.072727273,0.545020038,-0.245222521,5.0,1
4.172437203,0.750571537,-0.282508066,5.0,1
2.337514253,0.897067336,-0.013389441,5.0,1
1.467889908,1.130360206,0.087070611,5.0,0
1.844475721,0.689733593,0.201287173,5.0,0
1.248753463,0.953363914,0.164632563,5.0,0
8.248476642,1.915250843,0.109918963,5.0,1
7.470642626,2.044585987,0.086019288,5.0,0
10.07333948,1.431894688,0.124595241,5.0,0
8.664718385,2.248855334,0.066948241,5.0,1
1.25908689,1.769439046,-0.073276127,5.0,0
1.73895593,1.20790344,-0.017851603,5.0,0
1.742550129,1.224190459,0.010892309,5.0,0
0.99436071,0.90521894,0.068199016,5.0,0
0.617210552,0.990913141,0.054641913,5.0,0
0.880188635,0.660633255,0.071449305,5.0,0
1.49178744,3.600213789,0.028978911,5.0,1
2.306751728,3.583380441,0.072350155,5.0,1
1.431218417,9.604166667,-0.027930331,5.0,1
1.955223881,4.109061748,0.02547993,5.0,1
1.403053435,10.04028777,0.041265475,5.0,1
0.586265585,2.135379403,0.022600989,5.0,0
2.247307706,3.893280462,0.060967184,5.0,1
1.666603872,1.465661657,-0.059555619,5.0,1
1.763444494,1.125532754,0.12542166,5.0,1
1.503244324,1.931384072,-0.006392314,5.0,1
1.813837501,1.254183592,-0.078163156,5.0,1
1.750456389,1.258745784,-0.062113569,5.0,1
1.701090443,2.335042248,0.066373783,5.0,1
1.890279002,1.199606799,0.088948641,5.0,1
2.767225696,0.820436048,0.127073645,5.0,1
1.509543851,0.930309087,0.135306599,5.0,1
4.724069858,0.981281821,0.211476665,5.0,1
1.658860701,1.080906332,0.10200877,5.0,1
1.092588207,6.624117053,0.003357647,5.0,1
2.042602398,1.955281918,0.043645419,5.0,1
2.110164087,1.984658235,0.03190288,5.0,1
2.155628685,2.002609993,0.022298299,5.0,1
2.121636623,2.698436844,0.006948928,5.0,1
2.222261236,2.360163371,0.014397692,5.0,1
2.527626701,-3.106021726,0.106465972,5.0,1
3.145626433,-5.613475667,0.182640663,5.0,1
1.637140769,-3.968038833,0.100940649,5.0,1
0.886437317,21.0613472,-1.169522695,5.0,1
0.920145203,2.394719192,0.272243791,5.0,1
1.099029079,2.229396114,0.480507767,5.0,1
1.206813006,22.75561878,0.09856696,5.0,0
1.491731863,1.440536867,0.020594525,5.0,0
1.493902439,1.500960813,0.014221871,5.0,0
1.475659229,1.864136854,0.02168661,5.0,0
1.326484504,1.778328099,0.011433245,5.0,0
1.37621016,1.804142674,0.00955605,5.0,0
1.402891658,2.206825014,0.022575442,5.0,0
1.603058,2.575422428,-0.007222732,5.0,1
1.706867488,2.489699683,0.012759797,5.0,1
1.68695886,2.020063223,-0.003919521,5.0,1
2.495885877,1.700492176,0.026346454,5.0,1
1.862067365,2.509607073,-0.046978609,5.0,1
2.878881988,1.51354924,0.114804661,5.0,0
2.301749271,1.694316436,0.179621849,5.0,0
2.405721717,2.966189857,0.133651551,5.0,0
1.247159096,4.070008956,0.021139735,5.0,1
1.479624911,2.798579217,0.048467879,5.0,1
1.419904717,3.058729222,0.025694687,5.0,1
1.538928792,3.588806194,0.018089948,5.0,1
1.337046504,4.328365605,0.004752192,5.0,1
2.208426407,1.53452545,0.080305409,5.0,1
0.817369064,4.66886044,0.032108049,5.0,0
0.927033292,4.779173586,0.028322789,5.0,0
2.508596389,1.160305222,0.051437517,5.0,1
2.599094495,1.376087424,0.032699785,5.0,1
10.27086125,0.112271144,0.136707566,5.0,1
10.32480329,0.103356999,0.25495091,5.0,1
11.82081979,0.090682859,0.308139245,5.0,1
1.849351778,1.260983015,0.041486739,5.0,1
1.450880719,2.023426245,0.036046251,5.0,1
1.01535682,0.903282385,0.028650647,5.0,0
1.232683983,0.985395849,0.046060059,5.0,0
2.34109589,0.759887616,0.077916195,5.0,0
1.916651368,1.166214662,0.045582842,5.0,0
3.036743744,-11.99011299,-0.000157868,5.0,1
2.575860088,0.687239093,0.20630476,5.0,0
2.364681604,0.585381763,0.182514988,5.0,0
1.731069355,0.64603956,0.209486307,5.0,0
1.249517021,1.447139138,0.074123771,5.0,0
1.756468964,1.204640862,0.124793853,5.0,0
1.074045268,4.774334876,0.010570398,5.0,1
1.048616331,5.018638542,0.009576153,5.0,1
1.088002273,4.886346304,0.00896803,5.0,1
1.057000764,5.273475202,0.010651048,5.0,1
1.020795816,4.475685902,0.009687631,5.0,1
0.481927711,1.226064133,0.02027027,5.0,1
0.523369879,1.18884154,0.001631321,5.0,1
0.661429452,3.062567812,-0.021643172,5.0,1
3.190607735,4.039664378,0.12183908,5.0,0
3.034914951,4.143913921,0.167962357,5.0,0
2.15047726,6.40917603,0.071143757,5.0,0
2.372438163,5.976595745,0.110502083,5.0,0
0.900900901,1.623882503,13.16129032,5.0,0
1.074183976,6.472299169,0.542994326,5.0,0
2.053050398,2.90540887,38.84,5.0,0
3.023804663,0.589210167,0.137236074,5.0,0
2.38311999,0.835074221,0.124650715,5.0,0
4.788629316,0.642772725,0.22353818,5.0,1
3.808126037,1.081854713,0.155294872,5.0,0
2.153424658,0.653815261,-0.257623926,5.0,0
2.411941796,0.612440191,-0.07782727,5.0,0
3.0,0.756044905,0.015948963,5.0,1
2.8601359,0.79154986,0.017423015,5.0,0
2.822418136,0.752370452,0.02437975,5.0,0
2.172051382,0.538997764,0.015921931,5.0,0
2.752406445,1.953338349,-0.068598361,5.0,1
1.235360519,2.885329917,0.009939378,5.0,0
1.261497419,3.818094629,0.011850075,5.0,0
1.186834271,3.067020778,0.01280137,5.0,0
2.442878592,0.99262748,0.012115278,5.0,1
2.337690151,2.76199907,0.065481909,5.0,0
0.790152579,2.721906301,0.066060212,5.0,0
0.832373191,3.200965176,0.043982015,5.0,0
2.432100007,2.943484934,0.064135513,5.0,0
1.858283671,7.352245863,0.01490938,5.0,0
1.885784464,3.932622601,0.071631673,5.0,0
1.129548088,0.817269255,0.039183583,5.0,0
1.257852046,1.053634473,0.042287005,5.0,1
1.611217482,8.398252697,0.022669163,5.0,1
1.624411415,18.31725594,-0.006405241,5.0,1
4.435936251,1.506585512,-0.065212527,5.0,1
3.389224075,1.224526931,0.029640688,5.0,1
3.064511147,1.318718765,0.075892417,5.0,1
2.591481,1.194970181,0.019167653,5.0,1
1.398386005,1.800516529,0.027505082,5.0,1
1.291566964,3.046984401,-0.008607339,5.0,1
1.131205846,3.076942999,0.005520072,5.0,1
1.29075741,0.974096568,0.032883129,5.0,0
1.822471467,0.760887279,0.067911191,5.0,0
1.251185267,0.928203894,0.027794696,5.0,0
1.608979703,0.831774299,0.365992149,5.0,1
1.325858908,4.069583073,0.020788722,5.0,0
1.293755402,3.941356668,0.022977013,5.0,0
1.227727606,4.778946395,0.014002815,5.0,1
1.357235832,3.830956852,0.016631643,5.0,1
1.265195775,3.817424205,0.018185965,5.0,0
1.258978079,3.714150345,0.011754653,5.0,1
2.245287097,2.32355888,0.071414896,5.0,1
1.860102435,2.765421425,0.075969633,5.0,1
2.057754526,4.643970083,0.089476475,5.0,1
1.392594514,0.900712608,0.035734591,5.0,0
1.492804244,0.964653447,-0.010997889,5.0,1
2.235000762,0.982854156,0.060384257,5.0,1
1.789947112,0.748078501,0.040300957,5.0,0
2.169916435,0.956521739,0.012185834,5.0,1
1.262621528,2.093377893,0.073841985,5.0,1
2.383990618,2.007647492,0.057165004,5.0,0
2.200753186,2.166203129,0.066644533,5.0,0
2.032554982,2.427154584,0.024175372,5.0,0
2.324803263,2.635023293,0.052123494,5.0,0
2.540456882,1.782717842,0.05590387,5.0,0
2.466946702,1.668162666,0.078366916,5.0,1
2.296614964,1.652456311,-0.004666495,5.0,1
1.605683521,1.881819867,-0.064551106,5.0,1
1.819961489,1.763311009,0.024026842,5.0,1
1.788173098,1.846334424,0.009204808,5.0,1
1.868243904,1.600489497,0.019268155,5.0,1
1.606424713,1.723320789,0.020905857,5.0,1
4.955786315,0.0,0.506048131,5.0,1
1.399645716,1.581123953,0.023181015,5.0,1
1.348837089,1.727768276,0.118165758,5.0,0
1.357140639,1.977971461,0.092773339,5.0,0
1.450838408,3.055609364,0.083269995,5.0,0
1.459221221,2.128112791,0.092283222,5.0,0
1.552301489,3.019798916,0.085751605,5.0,0
1.451316323,2.400487199,0.107976812,5.0,0
1.971319972,2.886650972,0.02399155,5.0,1
1.633851729,2.47327249,0.046738475,5.0,1
1.761926294,1.172473652,0.035940929,5.0,0
1.819299605,1.905662887,0.019271616,5.0,0
2.081417998,2.091453311,0.011673217,5.0,0
0.981697171,0.917474106,0.116144975,5.0,0
1.53,0.975829726,0.120126449,5.0,1
1.231192661,-180.4666667,0.118004477,5.0,1
1.134642356,8.110344828,0.10314186,5.0,1
1.632239866,-7.982739492,-4.148247776,5.0,1
0.98326191,-4.280411695,-0.769091551,5.0,1
0.37748426,1.613363408,-0.102859891,5.0,1
2.34468167,2.386080939,-0.14234167,5.0,1
3.275867508,2.111280994,-0.000656481,5.0,1
2.91603928,2.098252688,-0.024805301,5.0,1
4.576027397,1.318030161,0.014698772,5.0,1
1.461623675,0.797663578,0.027846199,5.0,1
1.32353351,0.920624465,-0.049303546,5.0,1
5.657665912,8.091044705,0.002097352,5.0,1
3.647669221,-55.01483172,0.012111797,5.0,1
4.824157378,-14.85608593,0.033405684,5.0,1
5.712162699,2.644191194,0.024687398,5.0,1
2.465454368,2.902492093,0.162909256,5.0,1
2.127676428,1.477605549,-0.006396726,5.0,1
5.435890993,2.796062061,-0.013411237,5.0,1
0.742617316,2.024119003,0.112074701,5.0,0
2.172334896,1.214218794,0.145901,5.0,0
10.14945246,2.143060454,0.129828707,5.0,0
0.946754629,2.011308527,0.001255241,5.0,0
0.671979069,0.0,-2.447071948,5.0,1
12.04095695,0.352158597,-0.795307434,5.0,1
4.213941459,0.342940322,0.096083057,5.0,1
3.193980311,0.0,-0.666323734,5.0,1
1.07118062,6.672451261,0.104602666,5.0,1
1.077052637,3.849736049,0.131202974,5.0,1
1.107221976,4.497685185,0.064083032,5.0,1
1.047831374,3.296741855,0.124556423,5.0,1
1.978345833,4.985258926,0.006239326,5.0,1
2.10204506,1.463917191,0.080587477,5.0,0
2.073203805,0.612679564,0.088864159,5.0,0
2.049009627,1.539104683,0.069522212,5.0,0
1.503512881,-4.583154889,0.031390135,5.0,1
1.170221535,-2.542203353,-0.036449869,5.0,1
1.320336775,-2.60869863,0.013913717,5.0,1
1.467921964,-2.51256093,0.039283402,5.0,1
1.436609623,-2.981791973,0.03126784,5.0,1
0.90934418,-4.722173723,-0.121529637,5.0,1
2.620005667,2.738933951,0.053565217,5.0,1
4.506047741,0.436569216,0.078895599,5.0,1
2.522284997,2.272926963,0.060024477,5.0,1
0.859368272,1.515702715,0.334523262,5.0,1
1.532329405,12.79481464,-3.642911776,5.0,1
0.573509174,1.141610736,0.208461786,5.0,1
0.52443259,1.811397545,0.104839478,5.0,1
0.823522839,8.870501127,-0.436472384,5.0,1
1.21120688,1.062289351,0.17737506,5.0,1
1.084022665,1.114332195,0.247584752,5.0,1
1.764864903,1.385286311,0.238027257,5.0,1
0.49252864,1.276289894,-0.486559952,5.0,1
1.321715818,1.833224816,0.025803286,5.0,0
1.492671395,2.257157966,0.039583073,5.0,0
1.251277239,1.708574435,0.030333041,5.0,0
2.898677609,1.750004612,0.00201301,5.0,1
2.857637378,1.861222749,-0.004058877,5.0,1
2.461322672,2.421557553,-8.89e-05,5.0,1
2.338664524,3.021678184,0.017008163,5.0,1
2.419447553,1.461628079,0.007412697,5.0,1
3.022188651,1.76111974,0.009140072,5.0,1
2.156873838,1.597128893,0.060313094,5.0,0
2.583633388,2.515512028,0.067081297,5.0,0
2.251500668,2.960330994,0.119030379,5.0,0
1.568004793,3.001858243,0.075316769,5.0,0
1.745163287,3.652398357,0.049996522,5.0,1
1.742248278,3.653702483,0.046625969,5.0,1
2.239710557,3.527529126,0.055047166,5.0,1
1.337993607,3.994929473,0.045806145,5.0,1
1.836862745,1.258279643,0.031232429,5.0,0
1.846268164,1.196204887,0.038526281,5.0,0
2.000271924,1.432718225,0.023649485,5.0,0
0.682485532,1.607565749,0.119345408,5.0,0
0.651564773,1.851319903,0.117774592,5.0,0
0.641132348,3.588237432,0.102000147,5.0,1
0.434047052,1.47547811,0.123322937,5.0,0
0.998332652,2.262475891,0.112542139,5.0,1
1.576540408,2.646216332,0.026728417,5.0,0
1.138592233,15.53740157,0.053815539,5.0,0
1.225673879,195.0333333,0.061115401,5.0,0
1.132005402,45.32368421,0.076285149,5.0,0
1.459241,1.877284595,-0.072833166,5.0,0
1.547605473,1.591490545,0.04358479,5.0,0
1.45989418,2.865027829,0.023145401,5.0,1
1.512961336,2.61370795,-0.050064935,5.0,1
2.110136704,1.989134908,0.069501997,5.0,0
1.571398594,1.733719991,0.141535243,5.0,0
3.098335108,1.976278254,0.096292098,5.0,1
4.313094344,2.056244857,0.037507661,5.0,1
3.723494316,2.088488574,0.073075598,5.0,1
1.137427386,1.229711715,0.01644267,5.0,0
1.220371912,1.68422336,0.018270597,5.0,0
1.194840462,1.79543986,0.019390239,5.0,0
1.103262643,1.195615241,0.017238771,5.0,0
1.045888755,2.149665631,0.020456286,5.0,0
0.829130723,2.960574733,0.00700851,5.0,0
0.110881626,7.017112009,-0.546963441,5.0,1
0.9712383,4.630394717,0.155120305,5.0,1
1.107999517,2.875872735,-0.015954625,5.0,0
1.633143399,1.302351004,0.084787552,5.0,1
1.613480573,1.204260735,0.035127324,5.0,1
1.576364454,1.193151084,0.042283025,5.0,1
1.555058942,1.618593343,0.042457601,5.0,1
1.812724912,2.20533406,0.006569156,5.0,1
1.197416714,0.572276881,0.131297705,5.0,0
2.846101839,1.082055058,0.072315758,5.0,1
2.152735713,0.876556324,0.057738964,5.0,1
2.873054784,1.185786438,0.058780382,5.0,1
2.237174559,0.862848423,0.060752504,5.0,1
2.46591767,0.699901916,0.073108095,5.0,1
1.101937398,0.841631856,-0.114693462,5.0,1
1.477670025,0.710355603,-0.642252197,5.0,1
0.737403137,11.21678685,-0.027730426,5.0,1
0.842527031,4.000397184,0.191395418,5.0,1
0.724452293,7.565421361,0.021475545,5.0,1
0.726439558,3.894013104,-0.001649661,5.0,1
5.171131599,0.587300129,0.15518289,5.0,1
2.039577836,14.80764706,0.84714194,5.0,1
0.60282523,5.846517491,0.506776181,5.0,1
4.366197183,4.171751068,0.206782465,5.0,1
1.075752492,1.616251972,0.065279533,5.0,0
2.003057636,0.799672699,-0.033053921,5.0,1
2.963186655,0.47696547,0.033991293,5.0,1
1.475702479,0.762855929,0.036708166,5.0,1
3.769762856,0.248437899,0.159673665,5.0,1
0.660931747,0.723887982,0.055872459,5.0,1
0.989583333,1.531122217,0.136967846,5.0,1
0.557453015,-3.808874649,-0.028167262,5.0,1
0.609827097,-3.776130646,-0.034595554,5.0,1
1.909830736,1.671517913,0.059268488,5.0,1
1.110584104,1.439000159,0.022430987,5.0,1
1.169800972,1.50729931,0.018394025,5.0,1
1.386418645,1.43945372,0.017169634,5.0,1
0.993284493,2.051789794,0.097892065,5.0,0
1.322624281,1.903700097,0.135662063,5.0,0
1.661723457,8.092439416,-0.026287908,5.0,1
5.221609389,63.12475404,-0.060681229,5.0,1
6.89521536,28.16635116,-0.031731629,5.0,1
1.951624549,5.351976137,0.089753068,5.0,1
1.829302438,5.058038838,0.096051346,5.0,1
3.351281561,1.416936094,0.132653634,5.0,0
3.395370594,1.046822199,0.133050628,5.0,0
1.961370365,1.157023461,0.137750292,5.0,0
0.408779885,-7.910947494,0.061625688,5.0,1
2.938285042,2.328263203,0.111453502,5.0,0
3.394524417,2.126539949,0.107764148,5.0,0
3.62386214,1.31859313,0.116096836,5.0,0
3.069968499,1.925902703,0.099877751,5.0,0
1.080160532,3.807971014,0.00884072,5.0,1
1.047474158,3.79671361,0.013507553,5.0,1
1.055095069,2.689693047,0.012781405,5.0,1
1.058797242,3.234611098,0.009358527,5.0,1
1.891549345,4.994961499,-0.066581827,5.0,1
2.086930183,2561.871795,-0.131157635,5.0,1
1.725480106,3.87228485,-0.014304865,5.0,1
2.103478451,10.31173333,-0.027683564,5.0,1
1.606097791,1.850127611,-0.01154752,5.0,1
1.418216658,1.760248029,0.032345318,5.0,1
1.367672956,1.858706629,0.020541315,5.0,1
0.934795153,1.713785188,0.019321142,5.0,1
1.301117882,1.847069645,0.041950885,5.0,1
83.06479502,0.666810727,0.050884621,5.0,1
1.927913725,2.363981827,0.052727902,5.0,1
2.076331166,1.00422706,0.172833526,5.0,1
2.780037338,1.500536128,0.140749591,5.0,1
1.621331424,6.434944238,-0.218185172,5.0,1
11.29242917,5.029528373,-0.32300657,5.0,1
1.793790756,1.821702518,0.109523055,5.0,0
2.049154202,1.804498046,0.036291423,5.0,0
1.464712769,2.078805693,0.168220264,5.0,1
1.337758351,2.955036747,0.039356062,5.0,1
1.167840953,2.851012763,0.050265025,5.0,1
1.01554178,4.15176089,0.034930596,5.0,1
1.413608334,5.061350333,0.026927306,5.0,1
1.223075764,2.583693913,0.038442047,5.0,1
6.558818688,0.15773003,0.132686199,5.0,1
1.997461123,1.835791147,-0.12667953,5.0,1
1.42659,1.887967211,0.035105312,5.0,0
0.993386608,2.402410756,0.01559754,5.0,1
1.154607628,1.8599536,0.015197827,5.0,1
1.12224858,1.341017962,0.020825071,5.0,1
1.147450902,1.876727076,0.000214477,5.0,1
0.970080019,2.426123834,0.013839978,5.0,1
1.074207555,2.529346187,0.161127829,5.0,1
1.017440304,2.861836259,0.174596811,5.0,1
1.479165735,1.475604336,0.092629624,5.0,1
1.194012138,3.231759408,0.076240539,5.0,1
1.484020274,2.263758261,0.062452726,5.0,0
1.480443701,2.170022261,0.010073472,5.0,0
1.477497674,1.93107234,0.00779202,5.0,0
3.496153222,1.615258948,0.017933401,5.0,1
6.290761518,0.204702379,0.215770117,5.0,0
4.666701191,0.225461436,0.218005307,5.0,0
2.026795683,0.348301052,0.455907781,5.0,0
1.044846917,18.71182676,0.03607643,5.0,1
4.180666504,0.933770077,-2.538698142,5.0,1
1.365489628,1.402187558,0.067615742,5.0,0
1.351396563,1.557469756,0.070118819,5.0,0
1.561518203,1.267038415,0.075250919,5.0,0
1.697033754,2.046913948,0.140144273,5.0,0
2.368720202,14.17264144,-0.214844436,5.0,1
1.98227132,1.983266825,0.104014823,5.0,0
1.950150078,1.065610143,0.086473775,5.0,1
1.976168908,0.841703281,0.105277773,5.0,0
2.300736969,0.780148859,0.113869978,5.0,0
1.48546042,1.956164384,0.068947229,5.0,0
2.436208991,1.234644914,0.093074186,5.0,0
1.727384961,0.803741848,0.100737889,5.0,0
-0.561983608,0.0,0.099359207,5.0,0
2.754850088,0.904846127,-0.143241426,5.0,1
2.955684008,1.33665717,-0.065054016,5.0,1
2.542334096,1.18426501,-0.070507545,5.0,1
2.314775161,1.526284702,-0.022849083,5.0,1
2.777015437,1.044616877,-0.000444148,5.0,1
1.594125346,1.23931252,0.056295664,5.0,0
0.858890447,1.986107677,0.069538093,5.0,0
0.786718582,3.340576813,0.035209765,5.0,0
0.769067858,2.569520842,0.055885982,5.0,0
1.855133256,0.785184123,0.080615817,5.0,1
2.309238661,17.49582919,-0.042429492,5.0,1
1.79277865,3.04295302,0.057549858,5.0,0
1.94054878,3.592673993,0.04858416,5.0,1
1.594936709,2.842710224,0.08106961,5.0,0
1.924095204,4.67662121,0.055684712,5.0,1
4.993634259,0.747498717,0.191493522,5.0,0
3.126352569,1.167193662,-0.018070892,5.0,1
2.870621102,1.155908238,0.015248029,5.0,1
2.373037993,1.540639094,0.024112416,5.0,1
3.151224407,0.810263221,0.133443872,5.0,1
1.398896244,1.573160101,0.096354284,5.0,0
1.042425776,3.833659252,0.328945506,5.0,0
3.803698802,0.680873266,-0.291499242,5.0,1
6.714501233,0.375444665,-0.048580372,5.0,1
3.196188089,0.411990641,-0.361531667,5.0,1
1.547219051,3.071532141,0.052975303,5.0,1
2.118011097,2.665952126,0.059209366,5.0,1
1.672062047,2.927293065,0.111173795,5.0,1
2.585530409,1.603381531,0.019872587,5.0,1
1.576822354,1.467551107,0.017567465,5.0,0
1.916839234,1.545577473,0.018933234,5.0,0
1.45066119,0.666364988,0.095648225,5.0,0
0.958911145,3.092333655,-2.391304348,5.0,1
3.287216686,1.916547593,-0.271318951,5.0,1
3.367024339,2.305696494,0.17893257,5.0,0
1.874837553,1.693294812,-0.018739255,5.0,1
3.304861105,1.191685912,0.060762319,5.0,1
1.75913801,2.199530135,-0.00712789,5.0,1
1.354204587,1.024703557,0.19379845,5.0,0
1.800661704,1.075971731,0.262966333,5.0,0
1.531610775,1.178898059,0.062643929,5.0,0
2.018794408,2.501430801,0.03892562,5.0,1
1.332605676,6.331955485,0.025681891,5.0,1
1.226299107,3.926949876,0.019019377,5.0,1
1.951885595,0.447099002,0.02492998,5.0,1
1.018730385,5.094735843,0.0228788,5.0,1
0.852340678,4.377147825,0.049981169,5.0,1
0.777708478,10.14063494,0.184228693,5.0,1
1.75227309,1.698905109,0.393917451,5.0,0
2.118383838,0.715407629,0.09731399,5.0,1
2.166097061,0.854357409,0.127444659,5.0,0
0.194981535,1.594785291,0.08022377,5.0,1
0.315971681,1.355473587,0.080589068,5.0,1
0.168476412,1.445928766,0.15105078,5.0,1
1.458362231,4.694466388,-0.017073678,5.0,1
1.407295382,1.423438199,0.047229739,5.0,0
1.508812522,1.25031844,0.152090378,5.0,0
2.21866009,1.256698674,0.021057065,5.0,1
1.888540031,1.263656101,0.250122931,5.0,1
1.992424242,11.24349442,0.095448911,5.0,1
1.547677525,1.809246403,0.01426861,5.0,1
1.630714881,-29.52291644,-0.167901716,5.0,1
2.061519479,6.667185833,-0.087448939,5.0,1
2.7600898,2.61597768,0.028198921,5.0,1
1.581669827,-7.128518734,-0.043046998,5.0,1
3.080521933,1.545739892,0.235850277,5.0,1
2.978281238,0.211203294,0.046564926,5.0,1
0.253865468,3.041830152,-4.002253098,5.0,0
3.981177899,1.115333094,0.071432933,5.0,1
3.458978539,0.560638151,0.038171962,5.0,1
2.845381281,0.772492767,0.064753071,5.0,1
2.932505012,2.045938563,-0.010182423,5.0,1
1.045227363,9.626607743,0.04726646,5.0,1
1.2725527,5.958430085,0.064323167,5.0,1
1.167756143,13.25661261,0.039329994,5.0,1
3.25879331,3.992524588,0.065791588,5.0,1
4.4914536,4.647294065,0.076646994,5.0,1
1.52464747,1.250067972,0.129219701,5.0,0
1.692670466,1.552381979,0.106562245,5.0,0
1.71884984,1.473284314,0.087255225,5.0,0
0.960010221,1.388059701,0.078268494,5.0,0
2.592712912,2.660425891,0.179004878,5.0,1
14.17009198,1.151211528,0.40196142,5.0,0
2.635294118,-25.32876712,0.009721322,5.0,1
1.375,0.753481894,0.008206812,5.0,1
1.606023102,1.529341317,0.01352529,5.0,0
4.04877243,1.064983316,0.074271058,5.0,1
1.0,1.833687405,0.148835373,5.0,0
1.002663116,2.511278195,0.135515797,5.0,0
8.560948114,0.446851922,-53.86227154,5.0,1
1.260941828,1.333269045,-0.779125439,5.0,0
3.916567744,0.775753941,0.085951535,5.0,0
3.841801321,0.529080546,0.04084745,5.0,0
0.143667792,0.798731461,0.219619336,5.0,1
1.329227595,1.406732585,0.100509067,5.0,0
1.141624275,1.569155435,0.037886718,5.0,1
1.297061883,1.592576041,0.089435441,5.0,0
1.425096665,1.487781642,0.057927902,5.0,0
1.825,-6.53030303,0.141524106,5.0,1
2.251651733,1.220206892,0.316481221,5.0,1
2.508215962,6.707805907,0.023978166,5.0,1
1.855327751,2.7454324,0.04657734,5.0,0
1.7747382,0.615969418,0.046448375,5.0,1
1.562177423,-4.650927277,-3.54600347,5.0,1
0.887234835,1.109961274,0.268972271,5.0,1
0.862110991,-17.42512085,0.08119762,5.0,0
0.459628741,18.00233636,-0.042846545,5.0,1
3.919105396,1.336492807,0.216088456,5.0,1
0.986608293,0.6647616,0.079147474,5.0,0
11.75776709,0.759461309,0.05670576,5.0,0
2.96278795,0.614282025,-0.169983476,5.0,1
0.883875245,2.201516455,-0.007458086,5.0,1
0.911713232,1.917192335,0.087364603,5.0,1
1.085007101,2.154151822,-0.231972198,5.0,1
